question,label
"다음 그림을 살펴보세요.
바른 자세로 서 있습니다. 바르게 앉아 있습니다. 연필을 바르게 잡습니다.1. 다음을 따라 쓰세요.
바른 자 세 
바르게 
다음 그림에서 바른 자세를 모두 골라 ○표 하세요. 바른 자세로 앉으려면 허리를 어떻게 해야 하나요?",0
"다음을 읽어보세요.
나비, 사슴, 바다, 소나무, 별, 사람, 사랑, 동생, 선생님 
다음을 읽어보세요. 나비, 사슴, 바다, 소나무, 별, 사람, 사랑, 동생, 선생님. 위와 같은 것들이 낱말입니다. 다음을 따라 쓰세요.
낱말을 골라 보세요. 
토끼 토끼가 귀엽습니다.
나는 사람입니다.",1
"다음을 읽어보세요.
한국어는 한글로 씁니다.
한글은 세종대왕이 만들었습니다.
다음을 살펴보세요.
의 낱자들이 자음자입니다.
의 낱자들이 모음자입니다.
자음자 하나하나와 모음자 하나하나들을 낱자라고 합니다.",0
"다음을 따라 쓰세요.
한글 자음자 모음자 낱자
다음에서 한글로 된 낱말을 골라보세요.
사람
다음 낱말에서 같은 낱자를 찾아 표 하세요.
같은 자음자 찾기
하마, 이모
같은 모음자 찾기
기차, 보리
어휘 정리
자음자 위에는 빨간색으로, 모음자 위에는 파란색으로 따라 써 보세요.",0
"다음을 읽어보세요.
글씨를 쓸 때 순서에 따라
씁니다.
어휘 연습
다음을 따라 쓰세요.
순서
순서에 따라 낱자를 써 보세요.
숫자가 작은 것부터 큰 순서대로 되어 있는 것을 골라 보세요. 

어휘 정리
자음자와 모음자를 순서대로 말해 보세요.",0
"다음을 살펴보세요.
 바다, 다리, 시소, 가구, 노래
의 낱말들은 모두 받침이 없는 낱말들입니다.
강물, 동생, 샘, 산속, 굴뚝
의 낱말들은 모두 받침이 있는 낱말들입니다.
바람, 사랑, 친구, 사슴, 공부
의 낱말들에서 빨간색으로 된 글자들은 받침이 없습니다.
의 낱말들에서 파란색으로 된 글자들은 받침이 있습니다.",1
"다음을 따라 쓰세요.
받침
다음에서 밑줄 그은 낱말 중 받침이 없는 낱말은 어느 것인가요?
 옷을 샀다. 밤이 깊었다.  비가 내린다. 꽃이 피었다.
다음 낱말의 받침 낱자는 무엇인가요?
콩
자기의 이름을 한글로 써 보세요. 자기 이름에 받침이 있나요, 없나요?
만약 있다면 어떤 받침이 있어요?",1
"다음 그림을 살펴보세요.
기쁘다  슬프다 무섭다 같은 것들이 기분을
나타내는 말입니다.
얼굴 표정으로 기분을 알 수 있습니다.
발표할 때는 자신 있게 말합니다.
큰 소리로 또박또박 말하면 자신 있어 보입니다.",1
"다음을 따라 쓰세요.
기분 자신있게
다음에서 기분을 드러내는 말을 모두 골라 표 하세요.
슬프다, 기쁘다, 크다, 무섭다
그림에서 자신 있게 말하는 모습을 골라 보세요.
어휘 정리
기분이 좋을 때는 언제인지 친구들 앞에서 자신 있게 말해 보세요.",1
"다음 그림을 살펴보세요.
학교에서 상을 받아서 기쁩니다.
넘어져 다친 친구를 보니 슬픕니다.
병원에 주사 맞으러 갈 때마다 겁먹습니다.
다음을 따라 쓰세요.
기쁘다 슬프다 겁먹다
어울리는 것끼리 짝지어 보세요.
기쁘다
겁먹다
슬프다
가장 어울리는 것을 골라 표 하세요.
돈을 잃어버려서 
천둥소리를 듣고
선생님께 칭찬을 들어서 기뻤어요, 슬펐어요, 겁먹었어요.
기뻤을 때와 슬펐을 때, 겁먹었을 때를 각각 1가지씩 써 보세요.",1
"다음 그림을 살펴보세요.
시험을 걱정합니다.
장난감이 고장 나서 화납니다.
큰 개를 보니 무섭습니다.
다음을 따라 쓰세요.
화나다 무섭다 걱정하다
가장 잘 어울리는 것끼리 짝지어 보세요.
화나다 무섭다 걱정하다
가장 잘 어울리는 것을 골라 보세요.
어머니께서 할머니 건강을 
숙제한 공책을 강아지가 물어뜯어서 
뱀이 지나가는 것을 보니 화났어요, 무서웠어요, 걱정했어요.
화났을 때, 무서울 때, 걱정할 때를 각각 1가지씩 써 보세요.",1
"다음 그림을 살펴보세요.
생일잔치를 해서 행복합니다.
문소리에 깜짝 놀랍니다.
친구에게 물을 쏟아 미안합니다.
어울리는 것끼리 짝지어 보세요.
행복하다 놀라다 미안하다
가장 잘 어울리는 것끼리 짝지어 보세요.
행복하다
놀라다
미안하다
가장 잘 어울리는 것을 골라 표 하세요.
엄마 품에 안겨있어서 
친구의 큰 목소리에 
친구 발을 모르고 밟아 행복했어요, 놀랐어요, 미안했어요.
행복할 때, 놀랄 때, 미안할 때를 각각 1가지씩 써 보세요.",1
"다음은 무엇을 하고 있는 것인지 이야기 해 보세요.
말하는이는 듣는이가 알아들을 수 있게 말해야 합니다.
듣는이는 바른 자세로 말하는이의 말을 들어야 합니다.
말하는 사람을 말하는이라고 하고, 이야기를 듣는 사람을 듣는이라고 해요.
다음을 따라 쓰세요.
말하는이 듣는이
말하는이에 대한 설명은 표, 듣는이에 대한 설명은 표 하세요.
또박또박 말합니다. 
듣는 사람을 바라보며 말합니다. 
다른 사람의 말을 귀 기울여 듣습니다. 
말하는이와 듣는이가 지켜야 할 자세는 무엇인지 한 가지씩 이야기해 보세요.",1
"다음을 소리 내어 읽어 보세요.
구름
하늘에 둥둥
하얀 구름
파란 하늘에 둥실둥실
부드러운 구름
시를 소리 내어 읽습니다.
시에서 재미있는 표현을 찾아봅시다.
시는 글쓴이의 생각과 느낌을 리듬 있게 표현한 문학 작품이에요.
어휘 연습
다음을 따라 쓰세요.
다음에서 시를 찾아 표 하세요.
똑똑똑
빗방울 떨어지는 소리
또르르또르르
빗방울 굴러가는 소리
오늘 수업이 끝나고 창문을 봤는데 비가 내렸습니다. 나는 우산이 없어서 걱정을 했습니다. 그때 교실 밖에 엄마가 있었습니다. 내 빨간
우산을 가지고 왔습니다.
어휘 연습 2번의 ‘빗방울’ 시를 읽어 보세요.",1
"다음을 각각 소리 내어 읽고 무엇이 다른지 말해 보세요.
구름
하늘에
하얀 구름
파란 하늘에
부드러운 구름
구름
하늘에 둥둥
하얀 구름
파란 하늘에 둥실둥실
부드러운 구름
시에 반복되는 말이 있습니다.
반복되는 말의 느낌을 살려 시를 읽어 봅시다.
반복되는 말은 같은 말이 여러 번 나오는 말이에요.
다음을 따라 쓰세요.
반복되는 말
다음에서 반복되는 말을 찾아 표 하세요.
산새
산속에는 시냇가에
산새 물새
조롱조롱 뾰롱뾰롱
조로롱 뾰로롱
나무에서 울고 물에서 운다.
위의 시를 소리 내어 읽고, 반복되는 말이 주는 느낌을 말해 보세요.",1
"다음을 보고 무엇을 읽고 있는지 말해 보세요.
나는 그림책을 좋아합니다.
그림책에는 글과 그림이 같이 있습니다.
그림책은 그림과 글로 이야기를 나타내요.
다음을 따라 쓰세요.
그림책
 다음 그림책을 보고, 어느 것이 글과 그림인지 각각 연결해 보세요.
상자가 있어요.
상자 안에 무엇이 있을까요?
내가 좋아하는 그림책을 하나 골라서 좋아하는 이유를 말해 보세요.",1
"다음 책을 보고 무슨 내용일 것 같은지 말해 보세요.
이 책의 제목은 '꼭꼭 숨어라'입니다.
나한테 이름이 있는 것처럼 시나 그림책에도 제목이 있습니다.
제목은 시나 그림책의 이름이에요.
어휘 연습
다음을 따라 쓰세요.
제목
다음을 보고 제목을 찾아 표 하세요.
여러분이 좋아하는 시나 그림책의 제목을 말해 보세요.",1
"다음 그림을 보고, ‘곰돌이’가 무엇을 하고 있는지 말해 보세요. 그리고 빈칸에
어떤 말이 들어갈지 이야기해 보세요.
아침에 일어납니다. ? 세수를 합니다. ? 옷을
문장은 글에서 하나의 생각을 나타내는 거예요.
어휘 연습
다음을 따라 쓰세요.
문장
다음 그림을 보고 누가 무엇을 하고 있는지 문장을 2개 만들어 적어 보세요.
사자는 하마는 원숭이는
바나나를 사진을 주스를
마셔요 먹어요 찍어요
위 그림을 보고 문장을 더 만들어 보세요.",1
"다음을 보고, 무엇이 있는지 말해 보세요.
참새 소리는 흉내 내는 말로 ‘짹짹’이라고 합니다.
아기가 우는 모습은 '응애응애'하고 흉내 내는 말로
나타낼 수 있습니다.
흉내 내는 말은 어떤 소리나 모습, 움직임을 나타내는 말이에요.",0
"다음을 따라 쓰세요.
흉내내는 말
다음에 어울리는 흉내 내는 말을 연결하고, 문장을 만들어 보세요.
새가  응애응애 노래해요.
아기가  팔랑팔랑 날아요.
나비가  짹짹 울어요.
위 그림을 보고, 개와 고양이의 소리를 흉내 내는 말을 넣어서 문장으로 말해보세요.",1
"다음을 보고, 각각 무엇인지 말해 보세요.
는 쉼표이고, . 는 마침표입니다. 는 느낌표이고, ? 는 물음표입니다.
는 모두 문장 부호입니다.
문장 부호는 문장의 뜻을 정확히 전달하고, 문장을 읽고 쉽게 알 수 있도록 쓰는 부호예요.
‘부호’는 어떤 뜻을 나타내려고 쓰는 표시예요.
다음을 따라 쓰세요.
문장부호
다음을 보고, 문장 부호의 이름과 쓰인 곳을 바르게 연결해 주세요.
마침표 쉼 표 느낌표 물음표
현수야, 안녕?
나는 민지야.
친구가 되어서 정말 기뻐!",1
"다음 문장 끝에 느낌표를 쓰고, 느낌을 살려 읽어 보세요.
네 이름이 참 예쁘구나
나한테 강아지를 주어서 정말 고마워
야호 비행기가 날아간다
다음 문장 끝에 물음표를 쓰고, 끝을 올려 읽어 보세요.
내일 우리 집에 놀러 올래
제가 만든 종이 비행기가 참 예쁘죠
현지야, 어디 아프니 ",1
"다음 빈칸에 쉼표와 마침표를 쓰고 읽어 보세요.
현지야 나 민수야
다음에서 문장 부호를 찾아 표 하고, 문장 부호의 이름이 각각 무엇인지
말하세요.
안녕? 박민지야.
넌 이름이 뭐니?
몇 학년 몇 반이야?
난 1학년 2반 김현수야,
만나서 반가워.
와, 우리 같은 반이구나!
친하게 지내자
문장 부호를 사용하여 오늘 있었던 일을 일기로 써 보세요.",1
"다음을 보고, 무엇을 하고 있는지 말해 보세요.
오늘 겪은 일을 엄마에게 말했습니다.
언제 어디에서 무엇을 했는지 겪은 일을 말할 수 있습니다. 다음을 따라 쓰세요.
겪다 다음을 보고, 건우가 무슨 이야기를 하고 있는지 빈칸에 써 보세요.
어제 학교 뒷산에 갔어요. 키가 큰 나무들도 보고 도토리도 주웠어요. 귀여운 다람쥐도 봤어요. 기분이 정말 좋았어요.
건우는 어제 학교 뒷산에서 일을 말하고 있습니다.
여러분이 오늘 학교에 와서 겪은 일을 말해 보세요.
자신이 보거나 듣거나 느끼거나 일을 하는 것을 모두 ‘겪다’라고 해요.",1
"다음은 무엇인지 말해 보세요.
오늘 겪은 일을 그림일기에 썼습니다.
그림일기에는 날짜와 그림, 글을 씁니다.
오늘 가장 기억에 남는 일을 그림일기에 그림과
글로 나타냈습니다.
그림일기는 오늘 겪은 일 가운데 가장 기억에 남는 일을
그림과 글로 나타낸 일기예요.
어휘 연습
 다음을 따라 쓰세요.
그림일기
다음에서 그림일기를 찾아 표 하세요.
그림일기를 쓸 때는 무엇이 들어가야 하는지 말해 보세요.",1
"아래의 문장을 크게 읽어 보세요.
흥부놀부 이야기는 재미있습니다.
슬픈 이야기를 들으면 눈물이 납니다.
이야기는 상상한 것을 사실처럼 꾸며서 말하는 것입니다.
이야기는 어떤 사실이나 있지 않은 일을 사실처럼 꾸며 재미있게 하는 말이나 글이에요.
다음을 따라 쓰세요.
이야기
다음 안에 들어갈 말은 무엇인지 쓰세요.
재미있는 무서운
내가 가장 좋아하는 이야기를 간단하게 이야기해 보세요.",1
"다음 그림을 보고, 생각이나 느낌을 말해 보세요.
한글 공부가 재미있다는 생각이나 느낌이 들어요.
다음을 따라 쓰세요.
생각 느낌
다음 중 생각이나 느낌을 말한 사람은 누구인가요? 
나는 서울에 살아요.
영화의 마지막 부분이 너무 슬펐어요.
우리 아빠는 회사에 다녀요.
나는 매일 줄넘기를 해요.
가을에 대한 생각이나 느낌을 말하여 보세요.",1
"다음 그림을 보고, 공통점을 찾아보세요.
흥부와 놀부 이야기에 등장하는 인물은 흥부, 놀부, 제비, 도깨비입니다.
인물은 이야기에 등장하는 사람 또는 동물입니다.
이야기에서 인물들은 각자의 역할이 있습니다.
이야기에 등장하는 사람 또는 동물을 인물이라고 해요.
다음을 따라 쓰세요.
인물
다음 그림을 보고 인물을 찾아 표 하세요.
내가 가장 좋아하는 이야기에 나오는 인물들을 써 보세요.",1
"다음 그림을 보고, 어떤 상황인지 이야기해 보세요.
흥부가 다친 제비를 고쳐주는 장면입니다.
장면은 이야기에서 어떠한 일의 벌어지는 모습을 말합니다.
여러 장면이 모여서 이야기가 됩니다.
어떤 곳에서 어떤 일이 벌어지는 모습을 장면이라고 해요.
다음을 따라 쓰세요.
장면
다음 안에 들어갈 말은 무엇인지 쓰세요.
만화에서 웃긴 이 나오면 깔깔하고 웃습니다.
선생님과 공부하는 은 교실에서 선생님과 함께 공부하는
모습입니다.
오늘 일어난 일 중에서 가장 기억에 남는 장면을 말해 보세요.",1
"다음을 읽어 보세요.
글자
한글은 한국의 글자입니다.
말을 글로 적기 위해서는 글자가 필요합니다.
글자는 자음자와 모음자가 합쳐져서 만들어집니다.
글자는 말을 적는 기호예요.
다음을 따라 쓰세요.
다음 안에 들어갈 말은 무엇인지 쓰세요.
바른 글씨는 바르고 정확하게 쓴 입니다.
한글은 한국의 입니다.
어휘 정리 ‘알파벳은 영어의 입니다. 에서 안에 들어갈 말은 무엇일까요?",1
"다음 그림은 무엇을 하고 있는 것인지 이야기해 보세요.
학교에서 선생님을 만나면 “안녕하세요.”하고 인사말을 합니다.
친구들에게 하는 인사말은 “안녕?”이 있습니다.
인사말은 사람에 따라 다르게 해야 합니다.
인사말은 상대방에게 인사를 하는 말이에요.
다음을 따라 쓰세요.
인사말
다음 그림에 알맞은 인사말을 찾아 표 하세요.
안녕? 안녕하세요? 잘 가.
일을 마친 아버지가 집으로 돌아왔을 때, 우리는 어떤 인사말을 해야 할까요?",1
"다음 문장을 소리 내어 읽어 보세요.
달리기 경기가 시작되었습니다 .아이들이 응원을 합니다.
글을 읽을 때에는 띄어 읽기를 하여야 내용을 잘 알 수 있습니다.
를 쐐기표라고 합니다.
를 겹쐐기표라고 합니다.
쐐기표와 겹쐐기표가 있는 곳에서는 띄어 읽기를 합니다.
띄어 읽기는 쐐기표와 겹쐐기표가 있는 곳에서 쉬어 읽는 것이에요.
쐐기표는 조금 쉬어 읽고 겹쐐기표는 쐐기표보다 길게 쉬어 읽어요.
다음을 따라 쓰세요.
띄어 읽기
다음 문장을 보고 띄어 읽기 할 곳에 쐐기표와 겹쐐기표를 표시하여 보세요.
나는 노래를 합니다. 선생님께서 피아노를 칩니다.
쐐기표와 겹쐐기표를 보면서 ‘가을이 왔습니다. 하늘이 파랗습니다.’를 띄어
읽기 해 보세요",1
"다음은 무엇을 하고 있는 것인지 이야기해 보세요.
오늘 학교에서 있었던 일을 일기에 썼습니다.
일기에는 제목을 붙입니다.
일기는 그날 있었던 일 중에서 기억에 남는 일과 그에 대한 생각이나 느낌을 쓴 글이에요.
다음을 따라 쓰세요.
일기
다음에서 설명하는 것은 무엇인지 알맞은 것에 표 하세요.
그날 있었던 일 중에서 기억에 남는 일과 그에 대한 생각이나 느낌을 쓴 글이에요.
공책 일기 편지
위의 일기는 무엇에 대한 일을 쓴 것인가요? 
엄마한테 혼난 일 달리기에서 1등을 한 일
시험에서 100점을 받은 일
어제 일기에 쓴 내용을 간단하게 말해 보세요.",1
"다음 그림을 보고 문장을 비교하며 읽어 보세요.
강아지가 꼬리를 흔듭니다.
귀여운 강아지가 꼬리를 흔듭니다.
귀여운 강아지가 꼬리를 살랑살랑 흔듭니다.
귀여운은 강아지의 모습을 꾸며 주는 말입니다.
살랑살랑은 강아지가 꼬리를 흔드는 모습을 꾸며 주는 말입니다.
처럼 뒤에 오는 말을 자세하게 설명해 주는 말을
꾸며 주는 말이라고 해요. 다음을 따라 쓰세요.
꾸며주는 말
다음을 읽고 꾸며 주는 말에 밑줄 그어 보세요.
꽃이 활짝 피었습니다.
다음 빈칸에 들어갈 꾸며 주는 말을 찾아 연결해 보세요.
머리에 모자를 썼습니다.  즐겁게
아이들이 놀고 있습니다. 예쁜
3번 문제의 빈칸에 들어갈 꾸며 주는 말을 하나씩 더 말해 보세요.",1
"다음을 마음속으로 읽어 보세요.
나비야
이리 날아 오너라.
시를 노래하듯이 소리 내어 읽습니다.
책을 소리 내어 읽어 봅시다.
나는 알맞은 목소리로 소리 내어 읽기를 잘 합니다.
소리 내어 읽기란 읽는 소리가 다른 사람에게 들리게 읽는 것이에요.",1
"다음을 따라 쓰세요.
소리 내어 읽 기
다음에서 설명하는 것이 무엇인지 알맞은 것에 표 하세요.
읽는 소리가 다른 사람에게 들리게 읽는 것이에요.
마음속으로 읽기 소리 내어 읽기
위에 있는 시를 소리 내어 읽어보세요.",1
"빨간색 낱말과 파란색 낱말을 읽고 어떤 기분이 드는지 말해 보세요.
미워 나빠 싫어
고마워 사랑해 괜찮아
는 기분을 좋게 하는 말입니다.
기분을 좋게 하는 말이란 듣는 사람을 기쁘게 하는 말이에요.",-1
"다음을 따라 쓰세요.
기분을 좋게 하는 말
다음에서 기분을 좋게 하는 말을 찾아 표 하세요.
짜증나 나빠 고마워 싫어 미워
다음 상황에서 친구의 기분을 좋게 하는 말로 알맞은 것에 표 하세요.
친구가 선생님께 혼났을 때
고마워 사랑해 힘내 미안해 미워
기분을 좋게 하는 말을 두 가지만 더 말해보세요.",0
"다음을 읽어 보세요. 어떻게 소리 나나요?
책을
옷에
꽃이은 [꼬치]이라고 읽습니다. 글자와 다르게 소리 나는 낱말입니다.
책을은 [채글]이라고 읽습니다. 글자와 다르게 소리 나는 낱말입니다.
옷’는 [오세]라고 읽습니다. 글자와 다르게 소리 나는 낱말입니다.
글자로 쓸 때와 읽을 때 나는 소리가 다른 낱말을
글자와 다르게 소리 나는 낱말이라고 해요",0
"다음을 따라 쓰세요.
글자와 다르게 소리나는 낱말",-1
"다음 낱말 중 글자와 다르게 소리 나는 낱말을 찾아 표 하세요.
나무 바다 할아버지 호랑이 엄마",1
다음 글자를 보고 바르게 읽은 낱말을 찾아 표 하세요.,0
글자와 다르게 소리 나는 낱말을 한 가지만 쓰세요.,0
"다음을 낱말을 소리 내어 읽어 보세요.
나무 바다 할아버지 호랑이 엄마
발음을 정확하게 읽습니다.
또박또박 분명한 발음으로 말합니다.
내 친구는 한국어 발음이 좋습니다.
말의 소리를 내는 것을 발음이라고 해요.",1
"다음을 따라 쓰세요.
발음",-1
"다음 낱말에 알맞은 발음을 찾아 연결하세요.
공부
공부 고부
공뿌
놀이
놀이 노리
놀리",-1
"할머니, 하늘, 음악, 국어를 정확하게 발음해 보세요.",-1
"그림을 보고 어떤 일이 일어나고 있는지 이야기해 보세요.
돼지는 겁에 질려 떨고 있습니다.
늑대는 돼지의 집을 무너뜨리려고 합니다.
인물의 모습과 행동이란 인물이 어떻게 생기고 어떻게 움직이는지를 가리켜요.",1
"다음을 따라 쓰세요.
인물의 모습과 행동",0
"위 그림을 보고 늑대의 모습과 행동을 찾아 표 하세요.
힘이 약합니다. 센 입김을 붑니다. 착한 표정을 짓습니다.",1
"돼지의 모습과 행동으로 알맞은 것에 표 하세요.
아기 돼지는 몸이 큽니다. 작습니다. 아기 돼지는 늑대를
무서워 즐거워 하고 있습니다.",0
늑대와 돼지의 모습과 행동을 몸으로 표현해 보세요.,0
"그림을 보고 친구들이 무엇을 하고 있는지 말하여 보세요.
할머니께 옛이야기를 듣고 있습니다.
호랑이가 나오는 옛이야기를 들었습니다.
옛날부터 전해 내려오는 이야기를 옛이야기라고 해요.",0
"다음에서 설명하는 것은 무엇인지 빈칸에 알맞은 말을 쓰세요.
옛날부터 전해 내려오는 이야기에요.
옛날에 또는 옛날 옛적에와 같은 말로 시작해요.",0
호랑이와 곶감은 유명한 옛이야기에요. 어떤 내용인지 찾아보세요.,-1
왼쪽 시와 오른쪽 시의 다른 점은 무엇인가요? 왼쪽 시는 ‘꼬부랑’이라는 말이 있어서 더 재미있습니다. 왼쪽 시에서는 꼬불한 길의 모양이 잘 나타나서 재미있게 느껴집니다. 시에는 재미있는 말이 많이 있습니다. 시에서 즐거운 기분이나 느낌이 드는 말을 재미있는 말이라고 해요.,1
다음을 따라 쓰세요. 재미 있는 말.,-1
"시에서 재미있는 말과 관련이 없는 것은 무엇인가요? ( )
① 읽으면 즐거운 기분이나 느낌이 드는 말.
② 움직임을 흉내 내는 말.
③ 소리를 흉내 내는 말.
④ 뜻이 어려운 말.",0
내가 아는 노래에서 재미있는 말을 찾아 1개만 말하여 보세요.,-1
"그림을 보고 어떤 기분이 드는지 말하여 보세요. 사진 속 가족들이 행복하게 보입니다.
사진에서 즐거운 분위기가 느껴집니다.
글 전체의 느낌을 잘 살피면 글의 분위기를 알 수 있습니다.
시를 읽을 때에도 글의 분위기를 살려 읽습니다.
글에서 느껴지는 기분을 글의 분위기라고 해요.",1
"다음 글의 분위기로 알맞은 것은 무엇인가요?
오늘은 현장학습을 가는 날이에요. 아침부터 기분이
좋았어요. 친구들과 차를 타고 멀리 갈 생각을 하니
가슴이 뛰었어요. 맛있는 간식을 가득 가지고 학교로
갔어요. 즐겁다. 슬프다. 지루하다. 힘들다.",1
"다음 중 내가 먹어본 음식은 무엇인지 말해 보세요.
나는 떡볶이를 먹은 경험이 있습니다.
나는 탕수육을 먹어 본 경험이 있습니다.
다른 나라 음식 중에는 내가 경험하지 못한 것도 많이 있습니다.
실제로 해 보거나 겪어 본 것을 경험이라고 해요.",0
내가 먹어 본 경험이 있는 음식을 세 가지 이상 말하여 보세요.,-1
"다음은 어떤 뜻을 나타내는 모양일까요?
손의 모양으로 뜻을 나타낼 수 있습니다.
말을 하거나 들을 때에는 몸짓이 중요한 역할을 합니다.
몸짓으로 뜻을 나타낼 때에는 몸을 움직이는 모양이나 자세, 얼굴 표정이 중요합니다.
몸을 움직이는 모양을 몸짓이라고 해요.",1
"다음 중 몸짓이 아닌 것은 무엇인가요? 
고개를 끄덕였다.
손으로 박수를 쳤다.
한쪽 눈을 찡긋 감았다.
입으로 ‘휘휘’하고 소리를 냈다.",0
매우 즐겁다는 표현을 몸짓으로만 나타내어 보세요.,0
"수미는 지호의 말에 대해서 어떤 반응을 하고 있나요?
요즘 날씨가 너무 추운 것 같아.
그렇지? 갑자기 날씨가 추워졌어. 나도 손이 시려서 꼭 장갑을 끼고 다닌다니까.
수미는 지호의 말에 맞장구치고 있습니다.
다른 사람의 말을 듣고 맞장구를 치면 말을 하는 사람이 기분 좋게 말할 수 있습니다.
우리 아버지는 내가 말을 하면 맞장구를 잘 쳐 주셔서 나는 기분이 좋아집니다.
남의 말에 대해 응답하고, 찬성하는 것을 맞장구라고 해요.",1
다른 사람의 말에 맞장구칠 때에 고개는 어떻게 하면 좋을까요?,-1
"친구들이 무엇을 하고 있나요?
‘콩쥐 팥쥐’ 이야기로 역할극을 하였습니다.
나는 콩쥐 역할을 맡았습니다.
‘효녀 심청’ 이야기를 역할극으로 꾸몄습니다.
역할을 맡아 연기하는 것을 역할극이라고 해요.",0
"‘콩쥐 팥쥐’ 이야기를 역할극으로 꾸며 발표한다면, 여러분은 어떤 역할을 하고 싶나요?",1
"다음 문제의 답은 무엇일까요?
감은 감인데 못 먹는 감은?
말의 소리나 뜻으로 재미를 느끼게 하는 놀이를 말놀이라고 해요.
어떤 것에 대하여 그 뜻이나 이름을 알아맞히는 말놀이를 수수께끼라고 해요.
다섯 번까지 질문을 하면서 문제의 답을 알아맞히는 놀이를 다섯 고개 놀이라고 해요.",0
친구와 함께 다섯 고개 놀이를 해 보세요.,-1
"두 그림 중 기분 좋은 대화는 어느 것인가요?
거칠고 험한 말은 말을 듣는 사람의 마음을 상하게 합니다.
고운 말은 다른 사람의 기분을 생각하여 예의를 지켜 하는 말입니다.",1
"알맞은 것끼리 이어 보세요.
비난하는 말, 위협하는 말, 화를 내며 하는 말, 소리치며 하는 말. 칭찬하는 말, 기분 좋게 맞장구치는 말, 위로하는 말, 진심으로 축하해 주는 말.",0
친구가 시험을 망쳐서 속상해 하고 있습니다. 고운 말로 친구의 기분을 좋게 해 주려면 어떻게 말해야 할까요?,0
"누가 누구에게 쓴 것일까요?
민수에게. 민수야, 엄마 잠시 밖에 다녀올게.
학교에서 오면 식탁 위에 있는 간식 챙겨 먹으렴.
엄마가 민수에게 쪽지를 남기고 외출하셨습니다.
친구랑 싸운 다음날, 친구가 미안하다는 글을 쓴 쪽지를 내 책상에 올려놓았습니다.
글을 적은 작은 종이를 쪽지라고 해요.",0
상을 받은 친구에게 축하한다는 내용의 쪽지를 쓰려고 합니다. 어떻게 써야 할까요?,-1
"다음 글은 무엇에 대해 이야기하고 있나요?
개의 생김새는 여러 가지입니다. 송아지만큼 커서 보기만 해도 겁이 나는 개가 있고,
고양이보다 작아서 무척 귀여운 개도 있습니다. 또, 주둥이가 긴 개도 있습니다.
이 글은 개의 생김새에 대해 설명하는 글입니다.
이 글에서 중요한 내용은 개의 생김새가 여러 가지라는 점입니다.
설명하는 글에서 중요한 내용을 찾으면 글을 쉽게 이해할 수 있습니다.
사람들이 궁금해 하는 것을 읽는 사람이 이해하기 쉽도록 쓴 것을 설명하는 글이라고 해요.
설명하는 글에서 꼭 필요한 내용을 중요한 내용이라고 해요.",1
우리 교실에서 도서실로 가는 방법에 대해 설명하려고 합니다. 어떻게 설명하면 좋을지 중요한 내용을 중심으로 말하여 보세요.,1
"지난 일요일에 아침부터 저녁까지 지연이가 한 일은 무엇인가요?
아침에는 놀이터에서 공놀이를 했어요.
점심 때에는 수학 문제를 풀었어요.
저녁에는 식당에 가서 밥을 먹었어요.
지연이는 아침부터 저녁까지 있었던 일을 차례대로 썼습니다.
지연이는 아침에 공놀이를 하고, 점심 때 수학 문제를 풀고, 저녁 때 식당에 갔습니다.
일이 일어난 차례를 나타내는 말 중에 시간을 나타내는 말이 있습니다.
‘아침에, 점심때에, 저녁에’ 등과 같은 말을 가리켜 시간을 나타내는 말이라고 합니다.
있었던 일을 차례대로 나타낼 때에는 시간을 나타내는 말을 사용해요.",1
‘나는 오늘 아침 7시 20분에 일어나 줄넘기 연습을 했어.’라는 말에서 시간을 나타내는 말은 무엇인지 찾아보세요.,0
"다음 사진이 알려주는 내용은 무엇인가요?
이 표지판을 보고 사람들은 ‘공사 중’이라는 것을 알 수 있습니다.
글에도 글을 쓰는 사람이 글을 읽는 사람에게 전하고 싶은 내용이 들어 있습니다.
글을 읽을 때에는 글쓴이의 생각이 무엇인지 확인하며 읽는 것이 좋습니다.
글쓴이가 읽는 사람에게 말하고 싶어 하는 내용을 글쓴이의 생각이라고 해요.",1
‘먹을 만큼만 음식을 덜어 먹습니다.’라는 문장에서 알 수 있는 글쓴이의 생각은 무엇일까요?,1
"다음 그림에서 나리는 왜 칭찬을 받았나요?
청소를 열심히 하였어요. 선생님께 칭찬을 받았어요.
나리가 선생님께 칭찬을 받은 까닭은 청소를 열심히 하였기 때문입니다.
나리가 청소를 열심히 한 까닭에 선생님께 칭찬을 받을 수 있었습니다.
일이 생기게 된 이유를 까닭이라고 해요.",1
"다음 중 자신의 생각과 함께 그 까닭을 잘 말한 친구는 누구인가요?
급식을 먹기 전에 손을 씻어요.
급식을 버리지 마세요. 밥을 먹을 때에는 조용히 하세요.
밥을 먹고 나서는 양치질을 해요.
급식을 받을 때 줄을 잘 서야 해요. 줄을 서지 않으면 급식을 쏟을 수도 있기 때문이에요.",1
사람들이 겨울에 두꺼운 옷을 입는 까닭은 무엇인가요?,-1
"사진 속 음식을 만들기 위해 무엇이 필요할까요?
떡볶이를 만들기 위해서는 떡, 고추장, 어묵 등과 같은 재료가 필요합니다.
글을 쓸 때에도 글의 내용을 이루는 재료가 필요한데, 이를 글감이라고 합니다.
일기를 쓸 때에도 글감을 정해야 합니다.
일기를 쓸 때 글감을 정하기 위해서는 하루 중에서 한 일, 본 것, 들은 것이 무엇인지 생각해 봅니다.
글의 내용이 되는 재료를 글감이라고 해요.",1
"다음 중 오늘 쓸 일기의 글감으로 알맞지 않은 것은 무엇인가요?
내가 아기였을 때 아팠던 일.
숙제를 안 해서 선생님께 혼이 났던 일.
학교에서 역할극을 하면서 즐거웠던 일.
친구들과 공놀이를 하며 재미있었던 일.",1
오늘 일기를 쓸 때 글감으로 정하면 좋은 일은 무엇인지 말해 보세요.,0
"다음 그림을 보고 여자 아이가 어디에서 어디로 갔는지 이야기해 보세요.
1번 그림에서 여자 어린이가 밥을 먹는 장소는 집입니다.
2번 그림에서 여자 어린이가 공부를 하는 장소는 학교입니다
집에서 학교로 장소의 변화가 있습니다.
집, 학교처럼 어떤 일이 일어난 곳을 장소라고 해요.
그리고 장소가 바뀌는 것을 장소의 변화라고 해요.",1
"다음을 읽고 장소가 어떻게 바뀌었는지 알맞은 것에 표 하세요.
나는 친구들과 운동장에서 놀았습니다.
집에 돌아와서 손을 깨끗이 씻었습니다.",0
오늘 나는 어떤 장소에서 어떤 장소로 움직였는지 장소의 변화에 대해 이야기해 보세요.,0
"다음 장면을 보고 어떤 일이 일어났는지 이야기해 보세요.
이야기를 설명할 때에는 일이 일어난 차례대로 말합니다.
어떤 일이 언제, 어디에서 일어났는지를 보면 일이 일어난 차례를 알 수 있습니다.
어떤 일이 일어나는 순서를 일이 일어난 차례라고 해요.",1
"위 그림을 보고 일이 일어난 차례대로 문장의 번호를 쓰세요.
나는 부모님과 함께 식당에서 밥을 먹었습니다.
나는 부모님과 함께 박물관에 가서 구경을 하였습니다.",1
지난 주말에 있었던 일을 일이 일어난 차례에 따라 이야기해 보세요.,0
"다음 그림을 보고 문장을 읽어 보세요.
나는 밥을 먹었습니다. 그리고 아이스크림도 먹었습니다.
나는 비를 맞았습니다. 그래서 감기에 걸렸습니다.
나는 늦잠을 잤습니다 그러나 지각을 하지 않았습니다.
비가 옵니다. 그리고 바람이 붑니다.
비가 옵니다. 그래서 밖에서 놀지 못합니다.
비가 옵니다. 그러나 우산이 없습니다.
‘그리고’, ‘그래서’, ‘그러나’와 같은 말을 이어 주는 말이라고 해요.",1
다음 중 이어 주는 말이 아닌 것은 어느 것인가요?,-1
"다음의 이어 주는 말 뒤에 올 수 있는 문장은 어느 것인가요?
소풍을 갑니다.
늦잠을 잤습니다.
칭찬을 받았습니다.
학교에 일찍 갔습니다.",0
이어 주는 말을 3가지 말해 보세요.,-1
"다음 장면을 보고 놀이하는 방법이 어떻게 다른지 이야기 해 보세요.
놀이1은 말 잇기 놀이입니다.
놀이2는 말 덧붙이기 놀이입니다.
놀이3은 말 전하기 놀이입니다.
앞사람이 말한 낱말을 이어서 말하는 놀이를 말 잇기 놀이라고 해요.
앞사람의 말을 따라한 후에 새로운 낱말을 말하는 놀이를 말 덧붙이기 놀이라고 해요.
앞사람이 하는 말을 잘 듣고 다음 사람에게 그대로 전달하는 놀이를 말 전하기 놀이라고 해요.",0
"친구들과 말 잇기 놀이, 말 덧붙이기 놀이, 말 전하기 놀이를 해 보세요.",-1
"다음을 보고, 무슨 글인지 말해 보세요.
저는 선생님께 편지를 썼습니다.
선생님께 드리고 싶은 말씀이 있어서 편지를 썼습니다.
편지에 내 마음을 담을 수 있어서 좋습니다.
편지는 다른 사람에게 하고 싶은 말을 써서 보내는 글이에요.
받는 사람, 첫인사, 하고 싶은 말, 끝인사, 보내는 날짜와 보내는 사람을 써야 해요.",0
"다음 편지에서 혜림이가 편지를 왜 썼는지 말해 보세요.
민우에게.
민우야, 안녕? 나 혜림이야.
오늘 우리가 아주 작은 일로 싸운 것 같아. 화를 내려고 한 게 아닌데, 나도 모르게 큰 목소리가 나왔어. 내가 먼저 짜증을 내서 미안해. 네가 이제 나랑 같이 안 놀까 봐 계속 걱정을 하
고 있어.
우리 다시 친하게 지내자. 내일 웃는 얼굴로 만나. 안녕!",1
"‘어휘 연습’ 2번의 편지에서 ‘받는 사람, 첫인사, 하고 싶은 말, 끝인사, 보내는 날짜, 보내는 사람’을 찾아보세요.",0
"다음을 보고, 친구들이 무엇을 하고 있는지 말해 보세요.
나는 친구와 대화하는 것을 좋아합니다.
상대의 마음을 헤아리며 대화하면 좋습니다.
대화는 마주 보고 이야기를 주고받는 것을 말해요.
학교에서 친구와 하는 이야기, 가족과 밥을 먹으면서 하는 이야기는 모두 대화예요.",1
어제 누구와 대화를 하였나요? 대화의 내용은 무엇이었나요?,0
"다음을 보고, 어떤 기분일 것 같은지 말해 보세요.
웃는 표정, 화난 얼굴 표정, 우는 얼굴 표정.
인물의 표정을 보면 기분을 알 수 있습니다.
인물의 표정을 보고 상대의 마음을 헤아려 봅니다.
인물의 표정과 말을 잘 살피면 인물의 기분을 알 수 있어요.",1
"다음 인물의 표정을 보고 어떤 기분인지 어울리는 것을 연결하세요.
너무 슬퍼서 눈물이 날 것 같아요.
화가 나서 목소리가 커졌어요.
기분이 좋아서 웃음이 나요.",1
"수업 시간에 선생님 말씀이 무슨 뜻인지 잘 몰라서 궁금할 때, 어떤 표정을
짓는지 여러분의 얼굴로 나타내 보세요.",1
"다음을 보고, 선생님과 학생들이 무엇을 하고 있는지 이야기해 보세요.
선생님께서 질문하고 학생들이 대답합니다.
‘질문하다’는 모르는 것이나 알고 싶은 것을 물어보는 거예요.
‘대답하다’는 물어보는 것이 무엇인지 말하는 거예요.",0
다음을 보고 질문하는 사람과 대답하는 사람은 누구인지 쓰세요.,-1
수업 시간에 선생님께 질문한 적이 있어요? 그때 어떤 질문을 하고 어떤 대답을 들었어요?,-1
"다음을 보고, 선생님이 무슨 말씀을 하시는지 말해 보세요.
오늘 칭찬하는 말을 들었습니다.
인사를 잘한다고 선생님께서 칭찬하는 말을 해 주셨습니다.
칭찬은 좋은 일이나 잘한 일을 말해 주는 거예요.",0
"다음에서 칭찬하는 말을 찾아 표 하세요.
기훈이는 인사를 잘 하는구나.
가은이는 어제 집에 늦게 갔어.
석우는 음식을 골고루 잘 먹어.
민규는 반에서 제일 시끄럽게 떠들어.
인석이는 청소를 열심히 하는구나.
재희는 노래를 정말 잘 부르는구나.",1
친구에게 칭찬하는 말을 해 보세요. 어떤 말을 하고 싶어요?,-1
"다음을 보고, 친구가 무슨 말을 하는지 말해 보세요.
친구에게 밥을 천천히 먹으면 좋겠다고 충고하는 말을 했습니다.
친구가 충고하는 말을 해 줘서 고맙다고 말했습니다.
충고는 다른 사람의 부족한 점이나 잘못을 말해 주는 거예요.",0
"다음에서 충고하는 말을 찾아 표 하세요.
기훈아, 햄만 먹지 말고 음식을 골고루 먹으면 좋겠어.
가은이는 숙제를 다 하고 노는 게 좋겠어.
석우는 반에서 키가 제일 크구나.
민규야, 복도에서 뛰지 않으면 좋겠어.
인석아, 연필과 지우개를 좀 아껴 쓰는 게 어떠니?
재희야, 그림을 정말 잘 그리는구나.",1
친구에게 충고하는 말을 해 보세요. 어떤 말을 하고 싶어요?,-1
"다음을 보고, 개미의 마음이 어떨 것 같은지 말해 보세요.
이야기에는 인물의 마음이 나타납니다.
인물이 하는 말을 들으면 인물의 마음을 알 수 있습니다.
인물이 하는 행동을 보면 인물의 마음을 알 수 있습니다.
인물의 마음이 어떠한지 인물이 하는 말과 행동을 보면 알 수 있어요.",1
"베짱이가 개미에게 “흥, 남의 일에 상관하지 마. 네 일이나 잘해!”라고 말했습니다.
베짱이의 마음은 어떨 것 같은지 말해 보세요.",-1
"다음을 보고, 베짱이가 어떤 목소리와 표정인지 말해 보세요.
개미야, 정말 미안해. 네 말을 들을걸 그랬어. 흑흑.
‘실감 나다‘는 진짜 같은 느낌이 든다는 뜻입니다.
인물의 마음을 떠올리며 이야기를 실감 나게 읽었습니다.
베짱이의 반성하는 마음에 어울리는 표정과 목소리로 실감 나게 읽었습니다.
실감 나게 읽기는 진짜 같은 느낌이 들게 읽는 것을 말해요.",1
"개미가 반성하는 베짱이를 보고 불쌍한 마음으로 “베짱이야, 어서 와. 내가 모아 둔 먹을거리를 같이 나누어 먹자.” 하고 말했습니다. 실감 나게 읽어 보세요.",0
"다음을 살펴보세요.
‘과일’은 다른 낱말을 포함하는 낱말입니다.
‘사과’는 과일이라는 낱말에 포함되는 낱말입니다.
‘배’, ‘딸기’, ‘감’, ‘복숭아’도 과일이라는 낱말에 포함되는 낱말입니다.",0
연필과 지우개는 학용품을 포함하는 낱말인가요? 아니면 학용품에 포함되는 낱말인가요?,-1
"다음을 살펴보세요.
‘어린이’와 ‘아이’는 서로 뜻이 비슷한 낱말입니다.
‘예쁜’과 ‘고운’은 서로 뜻이 비슷한 낱말입니다.
‘춥다’와 ‘덥다’는 서로 뜻이 반대인 낱말입니다.
‘남자’와 ‘여자’는 서로 뜻이 반대인 낱말입니다.",0
뜻이 비슷한 낱말끼리 짝지어진 것을 골라 보세요.,-1
뜻이 반대인 낱말끼리 짝지어진 것을 골라 보세요.,-1
‘아버지’와 뜻이 비슷한 낱말과 뜻이 반대인 낱말을 각각 말해 보세요.,0
"다음을 살펴보세요.
주황색 글상자에 있는 낱말들이 토박이말들입니다.
우리말에 처음부터 있던 말을 토박이말이라고 합니다.",-1
‘벗’은 무엇을 나타내는 토박이말일까요?,-1
"다음 글을 읽어보세요.
제가 소개하려는 친구는 구민서입니다.
이번 달에 민서가 제 짝이 되어 소개하려고 합니다. 민서는 얼굴이 하얗고 항상 웃는 표정입니다. 친구들에게 친절합니다.
그리고 노래도 잘합니다. 공부도 열심히 하고 운동도 열심히 합니다.
위와 같은 글을 소개하는 글이라고 합니다.
위의 글에서 소개하는 대상은 구민서입니다.
소개하는 글은 대상을 잘 알 수 있도록 써야 합니다.
다른 사람에게 내가 알려주고자 하는 대상을 소개할 때 소개하는 글을 써요.
대상이란 어떤 일에 목표가 되는 사람이나 물건을 말해요.",1
"누군가를 다른 사람에게 소개하고 싶을 때 쓰는 글을 무엇이라고 하나요?
소개하는 글. 발표하는 글.
소문에 대한 글. 소리 내어 읽는 글.",1
누군가를 소개하는 글을 쓴다면 누구를 대상으로 해서 쓰고 싶어요? 그 사람의 어떤 점을 소개하고 싶어요?,0
"다음을 읽어보세요.
겪은 일은 나에게 있었던 일을 말합니다.
겪은 일에 대해 일기로 쓸 수 있습니다.
겪은 일을 실감나게 표현하려면 생생하고 자세하게 써야합니다.",1
"다음 중 겪은 일이라고 할 수 없는 것을 골라 보세요. 미래의 나의 일.
어제 학교에서 있었던 일.
일주일 전에 가족들과 외식한 일.
오늘 아침에 학교 오면서 친구를 만난 일.",1
“실감나게”라는 뜻은 무엇인지 골라 보세요.,-1
어제 학교나 집에서 자기가 겪은 일 중 하나를 골라 실감나게 말해 보세요.,0
"다음 글을 읽어보세요.
친구들에게!
아침 활동 시간에 좀 다 같이 조용히 했으면 좋겠어.
요즘 소란한 친구들이 있어서 책을 읽거나, 신문을 보는 친구들에게 방해가 되는 것 같아.
우리 조용한 아침 시간이 되도록 노력하자.
위와 같은 글을 부탁하는 글이라고 합니다.
부탁하는 글에는 부탁하는 내용에 대한 까닭이 드러나야 합니다.
다른 사람에게 내가 원하는 무엇인가를 들어주기를 바랄 때 부탁하는 글을 써요.",1
누군가에게 바라거나 원하는 것이 있을 때 쓰는 글을 무엇이라고 하나요?,-1
"부탁하는 글에는 그 부탁을 하는 까닭이 있습니다. 다음 글에서 복도에서 뛰지 말자고 하는 까닭은 무엇인가요?
우리 반 친구들에게.
요즘 복도에서 장난치고 뛰는 친구들이 너무 많은 것 같아.
그러면 지나가다 넘어져서 다칠 수도 있어서 위험하다고 생각해.
우리 모두 복도에서 뛰지 말고 천천히 걸어 다니자.
재미있기 때문에. 넘어져서 다칠 수 있기 때문에.
친구들과 더 친해질 수 있기 때문에. 선생님께 칭찬할 수 있기 때문에.",1
부모님께 부탁하고 싶은 것이 있어요? 있다면 여기에 써 보세요.,-1
"다음을 읽어보세요.
인형으로 하는 연극을 인형극이라고 합니다.
콩쥐. (부러운 목소리로) 나도 잔치에 따라 가고 싶어.
팥쥐. (퉁명한 목소리로) 너는 집안일이나 하고 있어.
팥쥐 엄마. (사나운 목소리로) 네가 지금 할 일이 얼마나 많은데 잔치를 가려고 하는 거냐!
콩쥐. (슬픈 목소리로) 네, 어머니 저는 집안일을 하고 있을게요.
위와 같은 글이 대본입니다.
대본은 인형극이나 연극을 할 때 나오는 인물들의 대사나 행동을 적은 글입니다.
위 대본에서 등장하는 인물은 콩쥐, 팥쥐, 팥쥐 엄마입니다.",1
인형극이나 연극을 할 때 필요한 대사나 움직임을 적은 글을 무엇이라고 하는지 써 보세요.,-1
"위의 ‘콩쥐’와 ‘팥쥐’, ‘팥쥐 엄마’가 나오는 대본으로 친구와 역할을 나누어 읽어 보세요.",-1
"다음 대본을 읽어 보세요.
작은 암탉. (밝은 목소리로) 소야, 나와 함께 낟알을 심을래?
소. 어, 나는 곤란한걸. 이렇게 피곤한 날은 일할 수 없어. (드러눕는다.)
작은 암탉. (돼지 옆으로 다가가며) 돼지야, 나와 함께 낟알을 심을래?
돼지. 어, 나는 곤란한걸. 난 지금 배고파서 안 돼. (밥을 먹는다.)
대본에서 인물이 어떤 움직임을 하는 것을 인물의 행동이라고 해요.
인물의 성격은 인물의 행동이나 말로 드러나요.
소, 돼지,는 작은 암탉의 부탁을 들어주지 않습니다. 이와 같은 인물의 행동으로 소, 돼지와 같은 인물의 성격을 알 수 있습니다.",1
"인물의 성격을 바르게 나타낸 것을 골라 보세요.
콩쥐는 게으른 사람입니다.
콩쥐는 일을 열심히 합니다.
팥쥐 엄마는 콩쥐를 사랑합니다.
팥쥐 엄마는 부드러운 성격을 가지고 있습니다.",0
"인물의 행동을 바르게 나타낸 것을 골라 보세요.
팥쥐는 콩쥐를 좋아한다.
콩쥐는 팥쥐 엄마를 미워한다.
팥쥐 엄마는 콩쥐를 사랑합니다.
팥쥐와 팥쥐 엄마는 콩쥐를 잔치에 데리고 가지 않는다.",1
콩쥐와 팥쥐의 성격이 어떤지 써 보세요.,-1
"1. ‘낭송’과 ‘암송’ 중 알맞은 낱말을 빈칸에 쓰세요.
1) 시를.
시를하면 언제 어디서나 시를 즐길 수 있어서 좋습니다.
하기 위해 시를 외울 때까지 계속 읽었습니다.2) 노래하듯이 시를 합니다.
시의 분위기를 생각하며.
",0
다음 시를 낭송해 보세요. 우산 속 우산 속은 엄마 품속 같아요. 빗방울들이 들어오고 싶어 두두두두 야단이지요. 문삼석 이 시는 6줄로 이루어져 있습니다. 이 시는 6개의 행과 3개의 연으로 이루어져 있습니다. 몇 개의 행이 모여서 하나의 연이 됩니다. 1개의 행으로 이루어진 연도 있을 수 있습니다. 시의 한 줄을 행이라고 해요. 시에서 몇 행을 묶어서 구분한 부분을 연이라고 해요.,1
"다음 시를 읽고 물음에 답하세요. 퐁당퐁당 윤석중 퐁당퐁당 돌을 던지자 누나 몰래 돌을 던지자 냇물아 퍼져라, 멀리멀리 퍼져라 건너편에 앉아서 나물을 씻는 우리 누나 손등을 간질여 주어라 이 시는 몇 개의 행과 몇 개의 연으로 이루어져 있나요? ( )연, ( )행 이 시의 4행을 써 봅시다. 어휘 정리 ‘소나무’로 3행시를 지어 보세요.",0
"다음 그림에서 계속 나오는 모양은 무엇인가요? 위 그림에서 모양은 반복되어 나오고 있습니다. 시에서도 글자나 낱말, 또 문장이 반복되어 나오는 경우가 있습니다. 시에서는 글자의 수가 반복되기도 합니다. 시에서 되풀이하여 계속 등장하는 글자나 낱말, 또는 문장을 반복되는 말이라고 해요.",0
"다음 시를 읽고 물음에 답하세요. 송알송알 싸리잎에 은구슬 조롱조롱 거미줄에 옥구슬 대롱대롱 풀잎마다 총총 방긋 웃는 꽃잎마다 송송송. 1. 이 시에서 ‘반복되는 말’에 대해 잘못 말한 사람은 누구인가요? ( ) 희영 1행, 2행, 4행은 글자 수가 4글자 4글자 3글자로 반복되고 있어. 희원: ‘은구슬’, ‘옥구슬’에서 ‘구슬’이라는 낱말이 반복되었어. 희철: ‘풀잎’도 세 번 넘게 반복해서 썼어. 희주: ‘송알’, ‘조롱’, ‘대롱’도 두 번씩 반복해서 ‘송알송알’, ‘조롱조롱’, ‘대롱대롱’으로 썼어.",0
2. 이 시에서 글자의 받침으로 가장 많이 반복된 자음자는 무엇인가요? 어휘 정리 우리가 사용하는 말 중에 반복되는 말을 2가지만 찾아보세요.,1
"다음과 같은 그림을 보면 어떤 이야기가 떠오르나요? 콩쥐팥쥐 이야기에는 콩쥐, 팥쥐, 새엄마, 개구리, 참새 등이 나옵니다. 콩쥐, 팥쥐, 새엄마, 개구리, 참새 등은 콩쥐팥쥐 이야기의 인물입니다. 이야기의 인물은 사람이 될 수도 있고, 동물이나 물건이 될 수도 있습니다. 이야기에서 어떤 일을 겪는 사람이나 사물을 인물이라고 해요.",1
1. 다음 중 이야기의 ‘인물’이 아닌 것은 무엇인가요? 경찰서 어휘 정리 ‘흥부와 놀부’ 이야기에 나오는 인물을 3명만 말하여 보세요.,1
"흥부가 되어 직접 말하여 보세요. “아이고, 불쌍한 제비가 다리를 다쳤구나!” 이야기에서 흥부가 한 말을 슬픈 표정과 속삭이는 목소리로 읽으면 더욱 실감 나게 읽을 수 있습니다. 실감 나게 읽기를 할 때에는 인물의 마음에 어울리는 표정과 목소리로 읽어야 합니다. 실제로 경험하는 것처럼 생생하게 읽는 것을 실감 나게 읽기라고 해요.",1
"1. 다음 빈칸에 알맞은 낱말은 무엇인지 쓰세요.
내가 대상을 받다니 아직도 이 안 나요. 
친구가 정말 생생하고 것 같아요. 나게 말해 주어서 직접 공연장에 다녀온",1
2. 다음을 실감 나게 읽으려면 어떻게 해야 할까요? 호랑이:“어흥! 떡 하나 주면 안 잡아먹지!”,1
"다음을 읽어 보세요.
봄이 왔습니다. 얼었던 강이 녹아 흐르고, 따뜻한 햇살이 비칩니다. 새싹이 파릇파릇.
돋아나고, 예쁜 꽃이 핍니다. 날씨가 따뜻해지자 사람들은 나들이를 떠납니다. 위 글은 4개의 문장이 모여 1개의 문단이 됩니다. 문장이 모여 문단이 되고, 문단이 모이면 한 편의 글이 됩니다. 완결된 생각을 표현하는 단위를 문장이라고 해요. 
몇 개의 문장이 모여 하나의 중심 내용을 나타내는 글의 부분을 문단이라고 해요. ",1
"1. 다음 빈칸에 알맞은 말을 쓰세요. 
묻는  : 아침으로 무엇을 먹었나요?
감탄을 나타내는.
시키는.
정말 아름다워요!
빨리 숙제를 마치렴.권유하는 영화 보러 가자.",1
"2. 다음 빈칸에 알맞은 말을 쓰세요. 
문장이 모여을 이루어요.",1
다음 설명과 같은 뜻을 가진 낱말은 무엇일까요? ‘중심 낱말’에서 ‘중심’은 ‘매우 중요하다’는 뜻을 나타냅니다. ‘중심 낱말’이란 글에서 가장 중요한 낱말이라는 뜻입니다. 한 문단 안에서 중심이 되는 문장은 ‘중심 문장’입니다. 문단의 내용을 대표하는 문장을 중심 문장이라고 해요. 글에서 가장 중요한 낱말을 중심 낱말이라고 해요.,1
"글을 읽고 물음에 답하여 보세요. 
로봇은 크기가 다양합니다. 크기가 큰 로봇은 사람보다 훨씬 더 키가 큽니다. 그런가 하면 크기가 아주 작은 로봇도 있습니다. 크기가 작은 로봇은 동전보다도 작습니다. 그래서 우리가 로봇을 알약처럼 삼키면 로봇은 우리 몸속에서 병을 찾아 치료하기도 합니다. 이 글의 중심 낱말은 무엇인가요?",1
2. 이 글의 중심 문장은 무엇인가요?,1
"오늘 해야 할 일을 다음과 같이 써 놓으면 어떤 점이 좋을까요?
오늘 할 일.
실내화 빨기.
국어 시험 공부하기 책상 정리하기. 오늘 해야 할 일을 메모해 두면, 잊지 않고 기억할 수 있습니다. 다른 사람의 말을 들을 때에도 메모하면서 들으면 중요한 내용을 오래 기억할 수 있습니다. 메모를 할 때에는 중요한 내용을 간단히 씁니다. 
무엇을 기억하기 위해서, 또는 다른 사람에게 말을 전달하기 위해서 기록하는 짧은 글을 메모라고 해요.",1
1. 메모를 하면 좋은 점은 무엇인가요?,0
2. 다음 중 메모가 필요한 상황이 아닌 것은 무엇인가요?,1
"아빠와 할머니가 무엇을 하고 있는지 말하여 보세요. 
아빠가 할머니와 전화로 대화하고 있습니다.  직접 만나지 못할 때에는 전화 대화로 서로의 소식을 전할 수 있습니다. 
전화 대화를 할 때에는 예절을 잘 지켜야 합니다.
전화로 이야기를 주고받는 것을 전화 대화라고 해요. 
사람이 지켜야 할 절차나 질서를 예절이라고 해요. ",1
1. ‘전화 대화’와 가장 관련이 깊은 낱말은 무엇인가요?,1
2. ‘전화 대화’를 할 때 지켜야 할 예절을 잘못 말한 친구는 누구인가요?,1
"다음 그림에서 아이가 할아버지에게 하는 말을 잘 살펴보세요.
할아버지!
진지 드세요!
그래 너도. 
같이 밥먹자. 어른께는 높임말을 써야 합니다. ‘진지’는 높임말입니다. ‘먹어라’라고 하지 않고 ‘드세요’라고 하는 것도 높임말입니다.
나보다 나이가 많은 사람을 높일 때 높임말을 써요.",1
1. 다음 중 높임말을 사용한 문장은 무엇인가요?,1
"2. 다음 문장에서 높임말이 사용된 부분을 찾아 밑줄을 그어 보세요.
선생님께서 칭찬을 해 주셨습니다.",1
다음 중 높임말을 사용해야 하는 때는 언제인가요?,1
"다음을 읽어 보세요.
보고 싶은 친구 유리에게.
안녕? 잘 지내니? 네가 다른 곳으로 이사를 가고 나서 내가 얼마나 힘들었는지 몰라. 그래도 이렇게 편지로 내 마음을 전할 수 있어서 정말 좋아. 너랑 함께 즐겁게 놀던 때가 무척 그립다. 방학이 되면 만나고 싶어. 그 때까지 잘 지내.
그럼 안녕!
2016년 6월 20일.
친구 미희가 위 글은 ‘편지’로 마음을 전하는 글입니다. 위의 글에서 “안녕? 잘 지내니?” 이 부분이 첫인사입니다. 위의 글에서 “그럼 안녕!” 이 부분이 끝인사입니다.",1
1. 옆의 글에서 “첫인사”를 찾아 밑줄을 그어 보세요.,1
2. 옆의 글에서 “끝인사”를 찾아 밑줄을 그어 보세요.,1
"3.다음은 마음을 전하는 글입 니다. 빈 곳 (가)에는 첫인 사에 적당한 문장을, (나) 에는 끝인사에 적당한 문장 을 써 넣어 보세요.",1
다음 그림은 무엇을 하고 있는 것인지 이야기해 보세요. 글을 읽는 사람이 읽는 이입니다. 글을 쓸 때는 읽는 이를 생각하며 씁니다. 읽는 이가 누구인지 생각하며 마음을 전하는 글을 써야 합니다. 글을 읽는 사람을 읽는 이라고 해요.,1
"어머니께
어머니! 오늘 제가 어머니를 많이 속상하게 했지요, 늦게 일어나서 아침밥도 제대로 안 먹고 엄마를 힘들게 해서 정말 죄송합니다. 다음부터는 어머니 말씀 잘 듣는 착한 아들이 되겠습니다.
어머니! 사랑해요! 많이많이 사랑해요!
 2016년 4월 18일.
아들 현식 올림.
1. 위의 글에서 읽는 이는 누구일까요?",1
2. 위의 글에서 글쓴이는 누구일까요?,1
3. 위의 글에서 글쓴이는 읽는 이에게 어떤 마음을 전하려고 하나요?,1
4. 마음을 전하는 글은 꼭 어휘 정리 고마운 마음 즐거운 마음 를 생각하면서 써야 합니다.,1
"다음 그림을 살펴보세요.
사과가 떨어진 원인은 바람 때문입니다. 바람이 불어서 그 결과로 사과가 떨어졌습니다.
어떤 일이 일어나게 된 이유를 원인이라고 하고.
그로 인하여 일어난 일은  결과라고 해요.",-1
1. 아래 그림에서 “원인”을 나타내는 것을 골라 보세요.,0
2. 아래 그림에서 “결과”를 나타내는 것을 골라 보세요.,0
"3. 다음의 문장에서 밑줄 그은 부분이 원인과 관련된 것이면 (   ) 속에 ‘원인’이라고 쓰고, 결과와 관련된 것이면 ‘결과’라고 써 보세요.",-1
알맞은 말을 골라 보세요.,1
"다음 그림을 살펴보세요.
원인.
결과.
바람이 많이 불었습니다. 그래서 사과가 떨어졌습니다. 바람이 많이 불었기 때문에 사과가 떨어졌습니다. 사과가 떨어졌습니다. 왜냐하면 바람이 많이 불었기 때문입니다.",0
"다음 문장을 읽어 보세요. 늦잠을 잤습니다. 그래서 지각을 했습니다. 아침에 밥을 많이 먹었기 때문에 배가 부릅니다. 배가 아팠습니다. 왜냐하면 찬 음식을 너무 많이 먹었기 때문입니다. ‘그래서’, ‘때문에’, ‘왜냐하면’ 과 같은 말들은 이어 주는 말이라고 해요.",0
1. 속에 들어갈 알맞은 말을 찾아 연결해 보세요.,1
2. 그림에 맞게 설명한 문장을 찾아보세요. 눈이 내립니다. 왜냐하면 길이 미끄럽기 때문입니다. 길이 미끄럽습니다. 그래서 눈이 내립니다. 눈이 내렸기 때문에 길이 미끄럽습니다,-1
"다음의 이어주는 말 중 하나를 골라 문장을 완성해 봅시다.
선생님께 칭찬을 들었습니다. (그래서, 왜냐하면, 때문에) 친구들을 도와주었기 때문입니다.
배가 아팠습니다. (그래서, 왜냐하면, 때문에) 집에서 쉬었습니다.
운동을 열심히 했기 (그래서, 왜냐하면, 때문에) 땀이 많이 났습니다.",-1
"다음 그림과 글을 살펴보세요.
착한 할아버지는 젊어지게 하는 
샘물을 마셨습니다.
욕심쟁이 할아버지는 젊어지게 하는 샘물을 많이 마셨습니다.
물은 마신 후 젊은이가 되었습니다.
물을 마신 후 아기가 되었습니다.
착한 할아버지는 젊어지게 하는 샘물을 마시고 젊은이가 되었습니다. 
그런데 욕심쟁이 할아버지는 젊어지게 하는 샘물을 너무 많이 마셔서 아기가 되었습니다.  
위와 같이 이야기를 짧게 줄이는 것을 간추리기라고 해요.",-1
1. 다음 그림을 보고 글로 간추려 봅시다.,1
"다음 그림을 살펴보세요. 도깨비의 특징으로는 부리부리한 눈, 뿔, 무서운 표정 등을 들 수 있습니다. 도깨비 방망이, 뿔 같은 특징 때문에 도깨비는 무서워 보입니다.
다른 것과 특별히 달라서 눈에 띄는 점을 특징이라고 해요.",0
"1. 다음과 같은 특징을 가진 동물의 이름을 쓰세요.
코가 길어요. 몸집이 커요. 다리가 네 개예요. 귀가 커요",1
2. 나의 특징을 친구들에게 소개하려고 해요. 나의 어떤 점을 소개할 수 있을지 모두 골라 보세요.,0
다음 그림을 보고 장미꽃의 특징을 써 보세요.,0
"다음 글을 읽어 보세요.
저는 대한초등학교 4학년 1반 김원경이라고 합니다. 저는 축구를 가장 좋아합니다.
운동장에서 축구를 할 때 가장 재미있고 신이 납니다. 저의 꿈은 의사가 되는 것입니다.
의사가 되면 아픈 사람들을 치료할 수 있어서 좋을 것 같습니다. 소개하는 글에는 자기를 소개하는 글도 있지만 다른 사람이나 물건을 소개하는 글도 있습니다. 소개하는 글은 소개하는 내용에 맞게 알맞은 낱말을 써서 소개해야 합니다. 알맞은 낱말이란 쓰거나 말하려는 내용에 딱 맞는 말입니다.",0
"1. 다음은 저금통을 소개하는 글이에요. 알맞지 않은 내용이 있는 문장을 골라 보세요.
저에게는 아주 소중한 저금통이 있습니다. 작년에 어머니께서 선물로 주신 저금통입니다. 돼지 모양이고 빨간 색입니다. 돈은 적게 모일수록 좋습니다. ",0
"2. 보기의 낱말의 뜻을 살펴보고, 다음 문장에 알맞은 낱말을 골라 표 하세요.
마치다: 하던 일이나 과정이 끝나다.
일을 마치다.
샤워를 마치다.
수업을 마치다.
이야기를 마치다.
부치다: 편지나 물건 등을 보내다.
돈을 부치다.
소포를 부치다.
짐을 부치다.
편지를 부치다.
맞히다: 문제에 대한 답을 옳게 대다.
답을 맞히다.
정답을 맞히다.
빨리 맞히다.
정확하게 맞히다.
붙이다: 물건이 떨어지지 않게 하다.
반창고를 붙이다.
종이를 붙이다.
문에 붙이다.
벽에 붙이다.",-1
"다음 대화를 읽어 보세요. 나는 오늘 겪은 일을 엄마에게 이야기하였습니다. 오늘 겪은 일 중 가장 기억에 남는 것은 달리기에서 1등을 한 것입니다. 여름 방학에 여행을 했던 경험은 잊을 수 없습니다. 방송국에 직접 갔던 일은 좋은 경험이었습니다. 보고, 듣고, 직접 해 본 모든 일들을 겪은 일 또는 경험이라고 해요.",1
"1. 다음 문장을 읽고 빈칸에 공통으로 들어갈 말을 쓰세요.
책을 읽을 때에는 주인공이 과 내가 을 서로 비교해 보면서 읽어요.",-1
" 2. 다음은 문장이 자연스럽도록 빈칸에 들어갈 말에 표 하세요.
한옥에 놀러 갔던 일은 잊지 못할 이에요. 겪은 일. 경험.",0
다음 장면을 보고 수진이는 무엇을 하고 있는지 이야기해 보세요 떠올리다. 나는 가장 재미있게 읽은 책을 떠올렸습니다. 가족과 함께 갔던 제주도 여행을 떠올렸습니다. 지난 여름방학에 했던 일을 떠올렸습니다. 기억하고 있는 일이나 잘 생각나지 않던 것을 생각해 낸다는 뜻이에요.,-1
"1. 다음 대화를 읽고 빈칸에 들어갈 말로 알맞은 것은 어느 것인가요?
민지: 엄마, 일기 쓰기가 너무 어려워요. 무엇을 써야할 지 모르겠어요.
엄마: 오늘 겪은 일을.",1
"다음 중 빈칸에 ‘떠올리다’가 들어가기 어려운 것은 어느 것인가요?
영화 속 재미있던 장면을.
나는 큰 소리로 노래를.
책의 내용과 관련된 경험을.",1
"다음의 낱말을 읽어 보세요. ‘같이’는 가치라고 읽습니다. ‘같이’는 소리와 글자가 다른 낱말입니다. ‘국수’는 국쑤라고 읽습니다. ‘국수’는 소리와 글자가 다른 낱말입니다. ‘끝이’는 끄치라고 읽습니다. ‘끝이’는 소리와 글자가 다른 낱말입니다. ‘낙지’는 낙찌라고 읽습니다. ‘낙지’는 소리와 글자가 다른 낱말입니다.
‘같이’는 ‘같’과 ‘이’를 이어서 발음할 때 글자대로 소리 나지 않습니다.
이러한 낱말을  소리와 글자가 다른 낱말이라고 해요",0
"1. 다음 낱말의 글자에 알맞은 소리를 찾아 표 하세요.
1) 해돋이.
해돋이.
해돋이.
해도디.
2) 숙제.
쑥쩨.
숙쩨.
숙제.",-1
"2. 다음 빈칸에 알맞은 말을 쓰세요. 
숙제 2. 숙제 쑥쩨 숙쩨 ‘끝이’와 ‘낙지’는 소리와 글자가 낱말입니다.",1
"다음을 비교하여 보세요.
시는 노래처럼 표현합니다. 시에는 행과 연이 있습니다. 이야기는 긴 줄글로 되어 있습니다. 이야기는 지은이가 꾸며서 쓴 글입니다.
노래 가사처럼 리듬을 살려 짧게 표현한 것을 시라고 하고.
있을만한 일을 꾸며서 쓴 글을 이야기라고 해요.",0
"1. 빈칸에 알맞은 말을 쓰세요.
‘발가락’은 입니다.
‘칠판 앞에 나가기 싫어’는 입니다.",0
" 2. 다음을 읽고 시에 대한 설명이면 표, 이야기에 대한 설명이면 표 하세요.
 긴 줄글로 되어 있습니다. 노래처럼 표현한 것입니다.",1
"다음의 대화를 읽어 보세요.
나는 남자가 계속해서 방귀를 뀌는 모습이 재미있었어.
오늘 읽은 책이 너무 재미있었어.
승아야, 너는 어떤 장면이 재미있었니? 이 책의 재미있는 부분은 남자가 계속해서 방귀를 뀌는 장면입니다.
시나 이야기에서 즐거운 기분이나 느낌을 주는 부분을 재미있는 부분이라고 해요.",-1
1. 재미있는 부분에서 느낄 수 있는 표정으로 알맞은 것을 골라 표 하세요.,0
" 2. 다음 대화에서 친구들은 무엇에 대해 이야기하고 있나요?
현아: 나는 매미가 우는 소리를 ‘찌징찌징찌징’이라고 표현한 부분이 재미있었어.
종우: 나는 파란 하늘을 ‘파란색 도화지’라고 표현한 부분이 재미있었어.
미안했던 부분. 고마웠던 부분. 재미있는 부분. 어려웠던 부분.",1
"다음의 문장을 읽어 보세요.
새들이 노래한다.
꽃들이 웃는다.
나비가 춤을 춘다. ‘새들이 노래한다.’는 새들이 지저귀는 모습을 노래한다고 사람인 것처럼 표현하였습니다. ‘꽃들이 웃는다.’는 꽃들이 활짝 핀 모습을 웃는다고 사람인 것처럼 표현하였습니다. ‘나비가 춤을 춘다.’는 나비가 날아다니는 모습을 춤을 춘다고 사람인 것처럼 표현하였습니다.
동물, 식물, 사물이 말하고 행동하는 것처럼 표현하는 것을 사람인것처럼표현하다.
라고 해요.",0
"1. 다음을 읽고 사람인 것처럼 표현한 것은 무엇인가요?
나무는 초록색이다. 나무가 손을 흔든다. 나무가 크다.",-1
"2. 다음 문장을 읽고 빈칸에 알맞은 말을 쓰세요.
 ‘햇님이 방긋 웃는다.’ 햇님을 인 것처럼 표현하였습니다.",1
"3. 다음 문장을 사람인 것처럼 표현할 때, 빈칸에 들어갈 말로 알맞지 않은 것에 표 하세요.
강물이.
노래한다.
깊다.
춤을 춘다.
이야기한다.",0
"다음 그림의 같은 점을 찾아 이야기해 보세요. 구름을 솜사탕에 빗대어 표현합니다. 파란 하늘을 파란색 도화지에 빗대어 표현합니다.
어떤 것을 직접 말하지 않고 비슷한 점이 있는 다른 것과 연결하여 표현하는 것을 ‘빗대어표현하다’라고 해요.",0
"1. 다음을 보고 빈칸에 알맞은 말을 쓰세요.
하늘은 파란색 도화지 같아요.
하늘을 파란색 도화지에  표현하였습니다.",0
"2. 다음 문장에서 ‘내 동생’을 무엇에 빗대어 표현하였는지 빈칸에 알맞은 말을 쓰세요.
내 동생은 거북이에요. 
왜냐하면 거북이처럼 행동이 느리기 때문이에요.",-1
"다음의 낱말을 읽어 보세요.
깡충깡충.
토끼가 뛰어가는 모양을 흉내 내는 말은 ‘깡충깡충’입니다. 개가 짖는 소리를 흉내 내는 말은 ‘멍멍’입니다. 하하’, ‘호호’, ‘깔깔깔’은 웃음소리를 흉내 내는 말입니다.
멍멍.
‘깡총깡총’이나 ‘멍멍’과 같이 모양이나 소리를 나타내는 말을 흉내내는말 이라고 해요.",1
"1. 다음의 문장에서 흉내 내는 말을 찾아 표 하세요.
거북이가.
엉금엉금.
기어갑니다.
아기가.
방긋방긋.
웃습니다.",1
"아들은 어머니께 무엇을 말하고 있나요? 나는 어머니께 운동화를 사 달라고 부탁하는 글을 썼습니다. 부탁하는 글에는 부탁하는 내용과 부탁하는 까닭이 나타납니다. 부탁하는 글을 쓸 때에는 예의를 갖추어야 합니다.
다른 사람에게 어떤 일을 해 달라고 말하는 글을 부탁하는글이라고 해요.",1
"1. 다음 글을 읽고, 이 글의 종류로 알맞은 것에 표 하세요.
친구들에게.
친구들아, 공부 시간에는 조용히 했으면 좋겠어.
너희들이 떠들면 선생님 말씀을 들을 수 없고, 공부하기 힘들어.",0
"2. 다음 중 부탁하는 글을 써야 하는 경우로 가장 알맞은 것은 무엇인가요?
보고 싶은 친구에게 마음을 전할 때.
선생님께 고마움을 표시하고 싶을 때.
친구들에게 복도에서 뛰지 말라고 말하고 싶을 때.
부모님께 잘못한 일에 대해 죄송하다고 말씀드릴 때.",1
"다음의 그림은 무엇을 뜻하나요? 모르는 낱말을 사전에서 찾았습니다. 낱말의 뜻을 많이 알면 글의 내용을 잘 알 수 있습니다. ‘아이’와 ‘어린이’는 뜻이 비슷한 낱말입니다.
산, 나무, 사과처럼 뜻을 가지고 있으면서 홀로 쓰일 수 있는 말을 낱말이라고 해요.",1
"1. 다음 중 낱말을 모두 찾아 표 하세요.
바다.
엄마.
노래.",1
2. 다음 빈칸에 공통으로 들어갈 말을 쓰시오. ‘엄마’와 ‘어머니’는 뜻이 비슷한 ‘남자’와 ‘여자’는 뜻이 반대인 입니다.,1
"다음 문장에서 파란색으로 표시된 부분은 무엇을 나타내는 것일까요?
영수야, 만나서 반가워.
문장의 끝에.
을 온점이라고 하고,
을 반점이라고 해요.",-1
"1. 다음을 알맞게 연결하세요.
온점.
반점.",1
"2. 다음 빈칸에 들어갈 것이 무엇인지 알맞은 것을 연결하세요.
여름에는 수박 참외 포도를 먹습니다.
오늘은 내 생일입니다.",1
"3. 다음 빈칸에 온점과 반점 중 알맞은 것을 쓰세요.
선생님 온점 반점 안녕하세요.",0
"다음 글에서 온점과 반점은 각각 몇 번 사용되었나요?
봄이 가고, 여름이 왔습니다. 날씨가 무덥습니다.",1
"다음을 비교하면서 읽어 보세요. 무엇이 다른가요?
아기가오리를보았다.
아기가 오리를 보았다.
띄어쓰기를 하면 내용을 정확하게 알 수 있습니다.
낱말과 낱말 사이는 띄어쓰기를 합니다.
온점과 반점 뒤에는 띄어쓰기를 합니다.",0
"1. 그림에 알맞은 문장이 되도록 띄어쓰기를 할 곳에 표를 하세요.
친구가방에들어갔다.",0
"2. 다음 중 띄어쓰기가 바르게 된 것은 어느 것인가요?
동욱아,빨리 와.
나는학 교에 갑니다.
나는 피자를 좋아합니다.",1
"다음은 무엇을 하는 것인지 생각해 보세요. 올바른 손씻기 방법을 일의 순서대로 설명하였습니다. 일의 순서를 정해서 하면 빠르고 정확하게 할 수 있습니다. 일의 순서를 알면 쉽게 일을 할 수 있습니다.
어떤 일이 차례에 따라 하나씩 일어나는 과정을 일의 순서라고 해요.",1
"1. 김밥을 만드는 방법을 일의 순서대로 번호를 쓰세요.
재료 준비하기.
재료를 가지런히 놓고 돌돌 말기.
김밥을 썰어 그릇에 담기.
밥 양념하기.",0
"2. 다음 빈칸에 알맞은 말을 쓰세요.
장난감을 만드는 방법을 설명하기 위해서는 따라 말해야 합니다.",1
"다음의 이야기가 어떤 내용일지 생각해 보세요. 누가, 언제, 어디에서 어떤 일이 일어났는지 살펴보면 이야기의 흐름을 알 수 있습니다. 이야기를 간추릴 때에는 이야기의 흐름이 잘 나타나야 합니다.
이야기를 잘 이해하려면 이야기의 흐름을 알아야 합니다.
이야기 속에 어떤 일이 일어나면서 이야기가 펼쳐지는 것을.
이야기의 흐름이라고 해요.",-1
1. 다음 문장을 보고 이야기의 흐름에 맞게 순서대로 번호를 쓰세요.,0
"다음 그림은 무엇을 하고 있는 것인지 이야기해 보세요. 선생님의 훈화를 들었습니다. 월요일 아침에는 교장 선생님께서 훈화를 하십니다. 할아버지께서 웃어른을 공경하라고 훈화를 들었습니다.
가르침을 주는 말이나 이야기를 훈화라고 해요.",-1
"1. 다음 중 훈화의 내용으로 알맞지 않은 것은 어느 것인가요?
인사를 잘 하자.
거짓말을 잘 하자.
부모님 말씀을 잘 듣자.
친구와 사이좋게 지내자.
일찍 일어나는 습관을 가지자.",0
" 2. 다음 빈칸에 들어갈 말을 쓰세요.
교장 선생님께서는 우리에게 열심히 공부하라고 를 하십니다.",-1
"1. 다음 빈칸에 들어갈 말을 쓰세요.
어떤 내용을 들을 때 ‘듣기 전’, ‘듣기 중’, ‘듣기 후’의.
순서를 거치는 것을 이라고 합니다.",0
"2. 듣기의 과정을 생각하며, 다음 빈칸에 들어갈 말을 쓰세요.
듣기 에는 들을 내용에 대해 미리 생각합니다.
듣기 에는 들으면서 간단히 적습니다.
듣기 에는 자신의 생각을 정리합니다.",1
"다음을 보고, ‘김밥’이라는 낱말을 둘로 쪼개면 무엇과 무엇이 되는지 말해 보세요.
쪼개다’는 무엇을 둘 이상으로 나누거나 가른다는 말입니다. ‘김밥’은 ‘김’과 ‘밥’이 만나서 만들어진 낱말입니다.
밥.
 ‘김밥’은 ‘김’과 ‘밥’으로 쪼갤 수 있는 낱말입니다. ‘국’하고 ‘밥’이 있으면 ‘국밥’이 되니까, 국밥은 쪼갤 수 있는 낱말입니다.
‘김밥, 국밥’처럼 둘 이상으로 나눌 수 있는 낱말을 쪼갤 수 있는 낱말이라고 해요.",0
"1. 다음 낱말을 합치면 어떤 낱말이 되는지 빈칸에 쓰세요.
김 + 밥.
꽃 + 병.
국 + 밥.
책 + 가방.",1
"2. 다음 낱말을 둘로 쪼개어 빈칸에 써 보세요.
김밥.
국밥.
꽃병.
책가방.",0
3. 다음 빈칸에 들어갈 말을 쓰세요.,1
"4. 다음 낱말을 합치면 어떤 낱말이 되는지 빈칸에 쓰세요.
색. 종이.
색. 연필.",1
"5. 다음 낱말을 둘로 쪼개어 쓰고, 쪼갤 수 있는 낱말의 뜻을 쓰세요.
색종이.
색연필 .
뜻.
뜻.",1
"6. 다음에서 쪼갤 수 있는 낱말을 찾아 표 하세요.
김밥.
사과.
가방.
밥국밥책가.
방.
꽃병.
색종이.
눈사람.
종이.
사람.
꽃.",0
"다음을 보면서, ‘사과’를 둘로 나눈 ‘사’와 ‘과’는 각각 뜻이 있는 말인지 이야기해 보세요. ‘사과’는 ‘사’와 ‘과’로 쪼개면 각각 아무 뜻을 가지지 못해서, ‘사과’는 쪼갤 수 없는 낱말이라고 합니다. 두 글자 낱말인 ‘바다’를 쪼개었을 때 ‘바’와 ‘다’는 뜻을 가지고 있지 않습니다. 그래서 ‘바다’도 쪼갤 수 없는 낱말입니다. ‘집, 꽃’은 더 작게 쪼개면 뜻이 사라지기 때문에, 쪼갤 수 없는 낱말입니다. 쪼갤 수 없는 낱말은 더 이상 나눌 수 없는 낱말입니다.
 ‘집, 꽃, 바다, 사과’처럼 더 이상 나눌 수 없는 낱말을 쪼갤 수 없는 낱말이라고 해요.",-1
"1. 다음을 보고 서로 어울리는 것을 연결하세요.
쪼갤 수 있는.
낱말.
더 작은 부분으로 .
나눌 수 없는 낱말.
김밥, 색종이, 책가방.
2) 쪼갤 수 없는
낱말.
더 작은 부분으로.
나눌 수 있는 낱말.
꽃, 사과, 바다.",-1
"다음은 딱지를 종이로 접는 방법입니다. 그림을 보고, 종이접기를 해 보세요. 딱지를 접는 순서와 방법에 따라 종이접기를 하였습니다. 요리 책을 보면 음식을 만드는 순서와 방법을 알 수 있습니다. 일의 순서나 방법을 설명하는 글은 읽는 이가 이해하기 쉬운 말을 사용해야 합니다.
종이접기 책에는 색종이를 접는 순서나 방법이 있어요. 이처럼 우리 주변에는.
일의 순서나 방법을 설명하는 글이 많아요.",0
"1. 다음에서 일의 순서나 방법을 설명하는 글은 무엇인지 고르세요.
저는 라면을 매우 좋아합니다.
그래서 주말 점심이면 꼭 라면을 끓여 먹습니다. 저는 불을 끄기 전에 치즈를 얹어서 먹는 라면을 좋아합니다.
라면을 끓이는 방법은 매우 쉽습니다. 먼저 물을 3컵 정도 냄비에 넣고 끓입니다. 물이 끓기 시작하면 면과 스프를 넣습니다.
3~4분 정도 끓인 후에 맛있게 먹습니다.",1
"다음 그림을 보고, 텔레비전 속 인물의 마음이 어떠할 것 같은지 이야기해 보세요. 텔레비전 드라마를 보면서 인물의 마음을 짐작할 수 있습니다. 책을 읽으면서 글쓴이나 인물의 마음이 어떠한지 짐작할 수 있습니다. ‘즐겁다, 뿌듯하다, 행복하다’는 글쓴이나 인물의 마음이 매우 기쁘다는 것을 짐작하게 하는 말입니다.
‘짐작하다’는 일이 되어가는 상황을 대강 알아차리는 것을 말해요.
그래서 글을 읽고 글쓴이나 인물의 마음이 어떠한지 생각해 보는 것을 글쓴이나 인물의 마음 짐작하기라고 해요.",-1
"1. 다음에서 글쓴이나 인물의 마음을 직접 나타내는 말을 찾아 표 하세요.
즐겁다.
말하다.
보다.
화나다.
쓰다.
기쁘다.
슬프다.
먹다.",0
"2. 다음 말은 어떤 마음을 나타내는지, 알맞은 것을 연결하세요.
발걸음이 가벼워요.
오늘 해야 하는 일을 내일로 미루지 않을 거예요.
가슴이 두근두근해요.
마음이 기쁘고 편안해요.
오늘 배운 것은 오늘다 익히자.
설레고 떨려요.",1
"다음을 보고, 아이와 할아버지가 무엇을 하고 있는지 이야기해 보세요. 저는 할아버지께 방학 때 놀러가겠다는 말을 하고 싶어서 편지를 써서 보냈습니다. 편지에는 보내는 사람이 받는 사람에게 하고 싶은 말이 담겨 있습니다.
편지는 다른 사람에게 하고 싶은 말을 써서 보내는 글이에요.
받는 사람, 첫인사, 하고 싶은 말, 끝인사, 보내는 날짜와 보내는 사람을 써야 해요.",-1
"1. 다음에서 편지는 무엇인가요?
엄마야 누나야.
김소월.
엄마야 누나야 강변 살자.
들에는 반짝이는 금모래빛.
뒷문 밖에는 갈잎의 노래.
엄마야 누나야 강변 살자.
내 친구 선우에게.
안녕? 나 정환이야. 어제 정말 고마웠어. 발이 다쳐서 아팠는데, 네가 집까지 같이 가면서 가방을 들어 줘서 고마웠어.
다음 주에 우리 집에서 놀자. 안녕!
2023년 월. 일.
친구 정환이가.
사방이 캄캄한데 불이 켜져.
있는 방이 있었습니다. 그방에는.
사내아이가 글을 열심히 읽으며.
혼잣말을 하였습니다.
오늘 배운 것은 오늘 다 익히자.
사내아이는 이렇게 다짐하였습니다.",1
"다음을 보고, 무엇을 하고 있는지 말해 보세요. 오늘 강아지를 잃어버린 일을 일기로 쓰는데 눈물이 났습니다. 내 일기장에는 나의 비밀이 모두 적혀 있습니다. 나는 매일 밤 일기를 쓰면서 하루를 정리합니다.
일기는 그날 겪은 일 중에서 기억에 남는 일과.
그에 대한 생각이나 느낌을 쓴 글이에요.",-1
"1. 다음은 수호가 쓴 일기의 앞부분이에요. 일기를 읽고 수호가 어떤 일을 겪고 무슨 생각을 했는지 알맞은 것을 모두 찾아 쓰세요.
11월 15일 맑음.
학교에서 돌아와 집에 가방만 놓고 나왔다. 친구들과 놀이터에서 만나기로 했기 때문이다. 멍멍이가 같이 나오고 싶어 낑낑대길래 같이 놀이터로 나갔다. 갑자기 멍멍이가 보이지 않았다. 멍멍이가 길을 잃어버렸을까 봐 걱정이 되기 시작했다. 손에 땀이 나고 눈물이 흐르기 시작했다. 
일기를 쓴 날은 비가 내렸어요.
오늘 멍멍이를 처음 만나서 너무 기뻤어요.
갑자기 멍멍이가 보이지 않아서 걱정을 많이 했어요.
멍멍이와 함께 놀이터에 갔다가 멍멍이를 잃어버리고 말았어요.",1
"다음에서 인물의 표정을 보고 그 마음이 어떠한지 짐작해 보세요. 영화나 연극에 나오는 인물들에게 극본은 꼭 필요합니다. 극본에는 인물이 무엇을 말하고 어떤 행동을 하는지 나와 있습니다. 극본에서 대사는 인물의 말을 나타내는 부분이고, 지문은 인물의 행동이나 표정을 나타내는 부분입니다.
극본은 영화나 연극, 드라마를 만들기 위해 쓴 글이에요.",0
1. 다음은 ‘별주부전’이라는 극본이에요. 빈칸에 알맞은 말을 쓰세요.,0
"다음을 보고, 영화를 본 아이와 엄마의 마음을 짐작하여 말해 보세요. 엄마도 많이 아플 텐데 아이를 위해 저렇게 간호를 하다니.
 좋은 영화나 드라마를 보면 감동을 느끼게 됩니다. 이야기 속 인물의 말과 행동에서 감동적인 부분을 찾을 수 있습니다. 기쁨이나 슬픔과 같은 강한 느낌을 받는 것을 ‘감동’이라고 해요. 영화나 시, 이야기에서 감동적인 부분을 찾을 수 있어요.",-1
"1. 위 ‘어휘 이해’에서 아이가 영화를 본 후 느낀 감동을 나타내는 말로 알맞은 것을 찾아 표 하세요.
사랑.
질투.
미움.
부끄러움.
희생.
즐거움.
‘질투’는 다른 사람이 잘된 좋은 일을 괜히 미워하고 싫어하는 거예요.",0
"2. 1번을 바탕으로 위 영화에서 감동적인 부분은 어디일까요? 알맞은 것을 고르세요.
아이는 빨리 낫고 싶어요.
엄마와 아이가 모두 아파서 병원에 있어요.
엄마가 자신의 몸은 돌보지 않고 아픈 아이를 간호하고 있어요.",-1
"다음 시를 읽을 때 머릿속에 어떤 장면이 떠오르는지 이야기해 보세요. 시를 읽고 시의 장면을 떠올려 봅니다. 시의 장면을 떠올리면 감동을 느낄 수 있습니다. 시의 장면과 비슷한 경험이 있는지 생각해 봅니다.
‘장면’은 무슨 일이 일어나는 모습이나 모양이에요.
시를 읽을 때 시의 장면을 떠올리며 읽을 수 있어요.",-1
"1. 다음 시를 보고 떠오르는 장면을 고르세요.
비오는 날.
우리 교실이 커다란.
배였으면.
아주 커다란 배였으면.
노를 저어.
집까지 갈 수 있다면.
좋으련만.",0
"다음을 보고 어떤 말을 하고 무슨 행동을 하고 있는지 말해 보세요. 이야기에는 인물의 말과 행동이 나타나 있습니다. 인물의 말과 행동으로 인물의 마음을 짐작할 수 있습니다. 인물의 말과 행동을 보면 나도 비슷한 경험이 있음을 떠올릴 수 있습니다.
이야기에는 인물이 등장해요. 인물은 자신의 생각을 말과 행동으로 나타내요.
인물의 말과 행동을 살펴보면, 인물의 마음을 짐작할 수 있어요.",-1
"1. 다음은 이야기 속 인물의 말과 행동입니다. 무엇이 ‘말’이고 ‘행동’인지 알맞은 것에 연결해 주세요.
나무와 함께 놀 수 있다니 정말 즐거워.
나무는 무척 행복해서 몸을 흔들었습니다. 인물의 말.
내겐 남은 것이 아무것도 없단다. 미안해.
소년이 떠나자 나무는 홀로 있을 때가 많아졌습니다. 인물의 행동.
내 줄기를 베어다가 배를 만들렴.",-1
"다음을 보고 무엇을 쓰고 있는지 말해 보세요.
감상문.
책을 읽고 감상문을 쓰면 감동적인 부분을 오래 기억할 수 있습니다. 같은 이야기를 읽거나 같은 영화를 보아도, 사람마다 서로 다른 내용의 감상문을 쓸 수 있습니다.
은 무엇을 보거나 듣거나 읽고 나서 느낀 것을 쓴 글이에요.",1
"1. 다음에서 감상문을 쓰려고 하는 사람은 누구인지 고르세요.
기훈: 비행기를 접는 방법을 설명하는 글을 쓰려고 해.
소은: 주말에 본 영화에서 감동적인 부분을 글로 쓰려고 해.
지유: 오늘 미나의 생일 파티에 가서 있었던 일을 쓰려고 해.
현수: 어머니께 감사하는 마음을 전하는 글을 쓰려고 해.",1
"2. 친구들이 ‘금도끼와 은도끼’ 이야기를 읽고 감상문을 쓰려고 해요. 가장 알맞은 말을 한 사람은 누구인지 고르세요.
찬우: 이야기에 산신령이 나오다니 말도 안 된다고 쓸 거야.
세경: 요즘에는 왜 나무꾼이 없는지 궁금하다는 내용을 쓸 거야.
유라: 나는 나중에 산신령처럼 금과 은을 가진 사람이 될 거라고 쓸 거야.
민호: 나는 정직한 나무꾼처럼 거짓말을 하지 않겠다고 생각한 내용을 쓸 거야.",0
"다음 그림을 보고, 학생이 무엇을 하려고 하는지 이야기해 보세요. 읽기 전 활동은 책을 읽기 전에 표지의 그림과 제목을 보고 내용을 생각해 보는 것입니다. 자신의 경험을 떠올리는 것도 읽기 전 활동으로 좋습니다. 예전에 읽어본 다른 책과 비교를 하는 것도 읽기 전 활동입니다.
글을 이해하기 위해 제목, 표지 그림으로 예상해 보는 것. 경험을 떠올리는 것을 읽기전활동 이라고 해요.",1
"다음 그림은 자기소개를 하는 모습이에요. 어떤 내용을 말하고 있을까요? 책을 소개하는 글을 책의 소개말이라고 합니다. 읽기 전 활동으로 읽을 책에 대한 소개말을 보는 것도 좋습니다. 책의 소개말을 읽으면 책의 내용을 예상할 수 있습니다.
책의 소개말은 책 속의 내용을 간단히 알 수 있도록 소개하는 글이에요.",1
"다음 그림을 보고 학생은 어떤 생각을 하고 있을지 이야기해 보세요.
우리나라에 살았던 공룡이야기? 글이 어떤 내용일지 생각해보는 활동을 예측하기 활동이라고 합니다. 읽기 전 활동의 대부분은 예측하기입니다. 예측하기는 소개말을 보고 글의 내용을 생각해 볼 수 있습니다.
책을 읽기 전에 하는 활동 중의 하나를 예측하기라고 해요.",-1
"다음 두 그림에서 학생의 다른 점을 이야기해 보세요. 실감 나게 말하기 위해서는 몸짓과 표정을 사용합니다. 이야기 속 주인공의 감정을 이해하면 실감 나게 말하기를 할 수 있습니다.
실감나게말하기는 들은 이야기나.
읽은 책을 잘 이해해서 다시 말하는 것이에요.",0
"1. 아래의 글을 읽으면서, 다음  안에 들어갈 말을 적어보세요.
실감 나게 말하기 위해서는 감동적인 내용을 잘 찾아서 말해야 해요.
혹시나 감동적인 내용을 찾기가 어려우면 이렇게 해보세요.
실감 나게 말하기 위해서는 표정, 몸짓, 목소리 하나하나에도 신경을.
써야 해요. 마지막으로 글의 분위기를 잘 파악해서 슬픈 내용은 슬프게,
웃긴 내용은 기쁘게 말하는 것이 중요해요.",1
"다음 그림을 무엇이라고 하나요?
다양한 이야기들을 그림으로 재미있게 표현한 것을 만화라고 해요. 영화는 만화와 같이 이야기를 표현합니다. 어떤 의미를 가지고 움직이는 대상을 촬영하여 보는 예술을 영화라고 합니다. 영화를 보는 장소를 영화관이라고 합니다.
어떤 이야기를 움직이는 영상으로 촬영해서 보는 것을 영화라고 해요.",-1
"1. 다음  안에 들어갈 말을 써 보세요.
상상속의 이야기를 그림으로 표현하는 것이.
만화를 움직이는 영상으로 볼 수 있으면.
만화와 영화는 어떤 점이 다른가요?
입니다.",1
"다음 그림을 보고 이후에는 어떤 일이 일어날지 짐작해 보세요. 어떤 장면이나 그림을 보고 그 이후에 일어날 일을 상상하는 것이 짐작하기입니다. 짐작하기는 만화에서 등장하는 인물의 표정을 보고 인물의 마음을 추측하는 것입니다.
짐작하기는 예측하기와 같이 추측하는 활동입니다.
어떤 장면에서 뒤 이어질 사건을 예측하는 것을 짐작하기라고 해요.",-1
"1. 다음  안에 들어갈 말을 적어보세요.
우리는 엄마의 표정을 보고 엄마가 어떤 기분인지 있습니다.
상대방의 마음을 할 수 하기 위해서는 목소리의 높낮이가 다른지 생각해야 합니다.",1
"다음 두 그림에서 학생의 다른 점을 이야기해 보세요. 실감 나게 표현하기 위해서는 목소리와 몸짓, 표정 등을 사용합니다. 이야기 속 주인공의 마음을 짐작하면 실감 나게 표현할 수 있습니다. 이야기를 실감 나게 표현하면 이야기가 더욱 재미있어집니다.
실감나게표현하기는 이야기 속 인물의 마음을 짐작하여 표현하는 방법이에요.",-1
"1. 다음 안에 글을 읽고 무엇을 뜻하는지 쓰세요.
실제로 겪는 것처럼 느껴지게 표현하는 것.
이야기를 하는 사람이 직접 경험한 것처럼 표현하는 것.",-1
"다음 그림을 보고 여기는 어디이고 무슨 일이 일어났는지 이야기해 보세요. 이야기의 배경은 옛날 산속이고, 사건은 나무꾼이 하나뿐인 도끼를 잃어버린 것입니다. 사건과 배경은 이야기의 중요한 구성 요소입니다. 이야기에 나오는 인물이 겪는 일들을 사건이라고 합니다. 이야기에서 사건이 일어나는 시간과 장소를 배경이라고 합니다. 사건은 이야기에서 일어나는 일이에요. 배경은 이야기에서 어떤 일이 일어나는 시간과 장소예요.",1
"1. 위 이야기에는 누가 나오나요? 다음에서 이야기의 인물을 모두 찾아 표 하세요.
선생님 나무꾼 신령님 할머니.",0
3. 다음은 ‘금도끼와 은도끼’ 이야기의 장면입니다. 무슨 일이 일어나고 있는지 빈칸에 알맞은 것을 보기에서 골라 쓰세요.,1
"다음을 보고, 두 사람이 무슨 이야기를 하고 있는지 말해 보세요. 책을 읽기 전에 내용을 알고 싶어서 친구에게 줄거리를 물어봤습니다. 줄거리는 사건이 처음부터 끝까지 어떻게 되었는지 간추린 것입니다. 이야기의 줄거리에는 인물, 사건, 배경이 있어야 합니다.
줄거리는 이야기의 중심이 되는 내용이에요.
인물의 성격과 배경, 사건이 잘 드러나도록 내용을 간추리면 줄거리가 돼요.",-1
1. 다음에 ‘금도끼와 은도끼’의 장면이 섞여 있습니다. 시간에 따라 어떤 사건이 있었는지 빈칸에 순서대로 써서 줄거리를 간추려 보세요.,1
"다음 ‘금도끼와 은도끼’의 나무꾼은 어떤 사람인지 이야기해 보세요.
금도끼는.
제 것이 아닙니다. 나무꾼이 금도끼가 자기 것이 아니라고 하는 것을 보고, 인물의 성격이 거짓말을 못하고 .
정직한 것을 알 수 있습니다. 이야기에 나오는 인물들은 서로 다른 다양한 성격을 가지고 있습니다. 인물의 성격이 바뀌면 이야기의 사건도 바뀝니다.
‘성격’은 사람마다 가지고 있는 성질이나 성품이에요.
이야기에 나오는 인물의 말과 행동을 통해 인물의 성격을 알 수 있어요.",1
"다음 그림을 보고, 빈 칸에 낱말을 따라 써 보세요. 어려운 문제가 있을 경우에 친구들과 회의를 해서 해결할 수 있습니다. 학급회의는 교실에서 반 친구들과 함께 좋은 학급을 만들기 위해 의논하는 모임입니다. 우리 반에서는 일주일에 한 번 학급 회의를 합니다.
어떤 문제가 있을 경우에 한 장소에서 일정한 절차에 따라.
서로 의견을 나누고 알맞은 방법을 결정하는 것을 회의라고 해요.",0
"1. 다음 에 들어갈 말은 무엇일까요?
우리 반을 아름답게 꾸미는 방법’이라는 주제로 학급 시작하겠습니다.
환경보호라는 로 포스터를 그려보세요.",1
"2. 다음 글을 읽고 어울리는 낱말에 표 하세요.
많은 사람들과 함께 (회의. 주제)를 하면 어려운 문제를 쉽게 풀 수 있다.
이 시의 (회의/주제)는 ‘물을 아껴쓰자’입니다.
(회의. 주제)를 하는 동안에는 다른 사람의 의견을 잘 들어야 합니다.
오늘은 아름다운 우정을 (회의. 주제)로 이야기를 하겠어요.",1
"다음 그림들을 보고, 무엇을 하고 있는지 이야기해 보세요.
국기에 대한 경례.
국민의례는 국가에 대한 예의를 말합니다. 아침 조회 때마다 하는 국기에 대한 경례는 국민의례 중 하나입니다.
순국선열 및 호국영령에 대한 묵념.
공식적인 행사에서 국기에 대한 경례, 애국가 제창과 같이 국민으로서 행하는 절차를 국민의례라고 해요.",0
"다음 두 그림을 보고 다른 점을 찾아 이야기해 보세요.
회의를 시작하겠습니다. 회의를 시작할 때는 “개회를 선언 합니다”라고 합니다. 학급회의는 매주 금요일 오후에 개회됩니다.
회의를 마치겠습니다.
회의나 공식적인 모임을 시작하는 것을 개회라고 해요.",1
"다음 그림을 보고 학생들이 어떤 역할을 하고 있는지 설명해 보세요. 학급회의에서 사회자는 교탁 앞에 서 있습니다. 오늘 학급회의의 사회자는 우리 반 담임선생님입니다. 개회와 폐회를 알리는 사람은 사회자입니다.
회의의 진행을 보는 사람을 사회자라고 해요.",0
"기록자는 회의에서 나오는 의견을 칠판에 적는 사람입니다. 학급회의에서는 사회자가 기록자를 대신해 회의 내용을 적기도 합니다. 기록자는 다른 사람들의 의견을 잘 듣고 요약할 수 있어야 합니다.
기록자는 회의의 내용을 기록하는 사람이에요.",1
"토론 참여자는 회의에서 자신의 의견을 발표할 수 있습니다. 다른 사람이 의견을 말하는 동안 토론 참여자는 잘 들어야 합니다. 토론 참여자가 사회자의 회의 진행을 방해하면 안 됩니다.
토론 참여자는 회의에 참여하는 사람이에요.",0
"다음 예문을 읽어 보세요. 의견은 다른 사람과 생각을 주고받는 것입니다. 나의 의견과 다른 사람의 의견은 다를 수도 있고 같을 수도 있습니다. 서로의 의견을 존중하는 것이 중요합니다.
어떤 것에 대해 나름대로 판단하여 가지는 생각을 의견이라고 해요.",-1
"1. 다음 에 들어갈 말은 무엇일까요?
회의에서 사람들끼리 같은 생각을 하면.
사람마다 다양한.
이 일치한다고 합니다.
이 나올 수 있습니다.
하나의 생각에 대해서 다른 사람과 나의 이 다를 수 있습니다.",1
"다음 그림은 반장 선거의 결과입니다. 어떤 방식으로 진행하였을까요? 사람들의 의견이 다양하면 표결을 통해 의견을 정리할 수 있습니다. 표결은 투표를 통해서 나의 의견을 알리는 방법입니다. 반장 선거는 대부분 표결 방법으로 이루어집니다.
투표를 해서 결정하는 것을 표결이라고 해요.",-1
"1. 다음 에 들어갈 말은 무엇일까요? 투표는 법 중 하나입니다. 손을 들거나 자리에서 일어나는 방법으로 할 수 있습니다. 은 찬성과 반대, 여러 의견 중에서 하나를 선택하는 방법도 있습니다.",-1
책을 읽고 자기 생각이나 느낌을 적은 글을 무엇이라고 하나요?,1
"다음 설명들 중 옳은 것을 낱말과 연결하세요. 절차  어떤 일을 마음대로 하는 것
 어떤 힘을 마음대로 쓰는 것.
 어떤 일을 순서대로 하는 것. ",0
어떤 일을 순서에 따라서 하는 것을 무엇이라고 하나요?,-1
"다음을 보고 친구들이 말한 문장이 어떻게 다른지 이야기해 보세요. 문장은 하나의 생각을 나타내는 기본 단위입니다.
 문장의 종류에 따라 전하고 싶은 뜻도 달라지고 상대방의 반응도 달라집니다.
 자신의 생각을 잘 전하려면 그에 알맞은 문장의 종류로 말해야 합니다. 문장의 종류에는 설명하는 문장, 무엇인가를 묻는 문장, 무엇을 하도록 시키는
문장, 함께 하기를 요청하는 문장, 느낌을 표현하는 문장이 있어요.
설명하는 문장은 어떤 것을 알기 쉽게 풀어서 말하는 문장이에요.
무엇인가를 묻는 문장은
듣는 사람에게 물어보고 대답을 들으려고 하는 문장이에요.
무엇을 하도록 시키는 문장은 무엇을 시키거나 행동하게 하는 문장이에요.
함께 하기를 요청하는 문장은 듣는 사람에게 어떤 것을 같이 하자고 부탁하는 문장이에요.
느낌을 표현하는 문장은 말하는 사람이 자기의 느낌을 드러내는 문장이에요.",1
"‘어휘 이해’에 나온 문장이 어느 상황에서 사용되었는지 알맞게 연결해 보세요. 승미야, 꽃이 활짝 피었어.  설명할 때
2) 와, 꽃이 정말 아름답구나! 무엇인가를 물어볼 때
3) 이 꽃의 이름이 뭐야?  무엇을 하도록 시킬 때
4) 얘들아, 같이 구경하자.  함께 하기를 요청할 때
5) 꽃을 꺾으면 안 돼.  느낌을 표현할 때 ",-1
"다음 문장을 문장의 종류에 맞게 연결해 보세요. 승미야, 꽃이 활짝 피었어.  무엇을 하도록 시키는 a문장
 와, 꽃이 정말 아름답구나!  설명하는 문장
 이 꽃의 이름이 뭐야?  무엇인가를 묻는 문장
 얘들아, 같이 구경하자.  느낌을 표현하는 문장
 꽃을 꺾으면 안 돼.  함께 하기를 요청하는 문장",-1
" 다음 그림을 보고, 어떤 말을 주고받을지 어울리는 것을 보기에서 찾아 모두
쓰세요. ?안녕? ?차 조심해라. ?너 숙제 다 했어?
?오늘은 일찍 왔구나! ?학교 다녀오겠습니다. ?우리 점심에 운동장에서 놀자.",1
어휘 연습’ 3번에 나온 문장을 보고 문장의 종류가 무엇인지 각각 말해 보세요.,-1
"다음을 보고 “너무 춥다.”에 담긴 뜻을 말해 보세요. “너무 춥다.”는 말은 너무 추워서 창문을 닫으면 좋겠다는 의도를 전하고 있습니다.
내 의도를 전하려면 상대방의 기분이나 상황을 생각해서 알맞은 문장의 종류로 말합니다.
말하기 전에 자신의 의도를 잘 전할 수 있는 문장이 무엇인지 생각해 봅니다.
의도는 무엇을 하고자 하는 마음속의 생각이나 계획이에요.",-1
" 은비는 지금 반 친구들에게 휴대 전화로 메시지를 보내고 있습니다. 은비가
말하고 싶은 의도는 무엇인가요?  다음 주에 학예회가 있는 거 다 알지? 그래서 내일 수업이 끝나고
춤과 노래를 같이 연습하기로 했어. 괜찮지?  학예회가 다음 주에 있다.
수업 시간에 같이 연습하고 싶다.
내일 수업이 끝나고 학예회가 있다.
내일 춤과 노래를 같이 연습하면 좋겠다.",0
"오늘 학교에 필통을 가져오지 않았어요. 친구에게 연필을 빌리려고 할 때, 어떻게
말하면 좋을까요?",-1
"다음을 보고, 지금 교실 안은 어떠한지 이야기해 보세요. 교실 안이 너무 시끄러워서 선생님께서 화가 난
상황입니다.
말을 하거나 들을 때 어떤 상황인지 알아야 상대방의
의도를 알 수 있습니다.
같은 말이어도 상황에 따라 다른 의미가 될 수
있습니다.
상황은 일이 진행되어 가는 형편이나 모양이에요.",0
"다음에서 같은 문장이 상황에 따라 의미가 달라지고 있어요. 상황에 어울리는 문장의 뜻을 연결해 보세요. 눈이 온다는 것을 설명할 때  무엇인가를 물어볼 때  눈이 와서 너무 기쁘다는
느낌을 표현할 때",-1
"내 방에서 숙제를 하고 있는데, 엄마께서 방문을 열더니 “밥 먹어.”라고 말씀하셨
어요. 이 말은 물어보는 상황인가요, 느낌을 표현하는 상황인가요, 무엇을 하도록
시키는 상황인가요?",1
"다음을 소리 내어 읽고, 문장의 끝 부분이 서로 어떻게 다른지 이야기해 보세요. 지금 책 읽어요. 무슨 책을 읽어요? 책 좀 읽어라.
같이 이 책을 읽자. 어려운 책을 읽는구나!  문장의 종류에 따라 문장의 끝맺음이 달라요.
말하는 사람의 의도와 상황에 따라 알맞은 문장으로 말해야 해요.",-1
다음 그림을 보고 상황에 맞는 말을 <보기>에서 골라 빈칸에 쓰세요.  자 니 어라 구나 어요,-1
"친구가 빌려 간 내 지우개를 다시 돌려 달라고 할 때, 어떻게 말하면 가장 좋을까요?
“지우개 내놔.”와 “지우개 다 썼으면 돌려줄래?”의 두 문장의 느낌이 각각 어떤지
말해 보세요.",0
"다음 글을 읽고, 무슨 내용인지 말해 보세요. 문단은 여러 문장이 모여 하나의 중심 내용을 나타내는 글의 한 부분입니다.
문단을 시작할 때 첫 칸을 들여 쓰고, 한 문단이 끝나면 줄을 바꿉니다. 위 글은 문단이
모두 두 개입니다.
각 문단의 구조는 중심 문장과 뒷받침 문장으로 이루어져 있습니다.
한 문단에는 중심 문장과 뒷받침 문장이 있고, 한 개의 중심 내용이 있어요.
문단이 어떻게 이루어져 있는지 살펴보는 것이 문단의 구조를 파악하는 거예요.",1
"다음을 읽고 빈칸에 알맞은 말을 <보기>에서 찾아 쓰세요. 문단은 중심 생각을 나타내는 ㉠ 과 그것을 설명해 주는  으로
이루어져 있어요.  은 문단에서 가장 중요한 문장이고, 이
도와주는 문장이에요.
 구조 문단 문장 중심 문장 뒷받침 문장 ",0
"다음 문단에서 중심 문장에 밑줄을 그으세요. 나는 여름을 좋아합니다. 여름에는 시원하게 수영도 하고 맛있는 수박도 먹을 수 있기
때문입니다. 그리고 여름 방학마다 가족들과 함께 여행을 갈 수 있어서 정말 좋습니다.",-1
2번 글에서 뒷받침 문장은 무엇인지 찾아서 읽어 보세요.,-1
"다음을 보고, 현이의 말에서 가장 중요한 내용은 무엇인지 말해 보세요.  다른 사람의 말을 듣거나 글을 읽을 때는 중심 생각을 찾아야 합니다.
글을 읽을 때 글쓴이가 하려는 말이 무엇인지 찾는 것이 바로 중심 생각을 찾는 것입니다.
각 문단의 중심 내용을 바탕으로 글을 간추리면 전체 글의 중심 생각을 알 수 있습니다.
중심 생각은 중심이 되는 생각이에요.
글쓴이가 글에서 말하고자 하는 가장 중요한 내용이에요.",0
"다음을 읽고 빈칸에 알맞은 말을 쓰세요. 글에는 글쓴이가 하고 싶은 말이 담겨 있습니다. 글에서 가장 중요한
내용입니다. 그것이 바로  입니다. 먼저  의 중심 내용을
파악하고 글의 내용을 간추리면, 글의  을 찾을 수 있습니다.",1
"‘아침에 선생님의 훈화를 5분 동안 들은 후, 그 내용을 한 문장으로 정리하려고
합니다. 이것이 훈화의 을 찾는 것입니다.’ 빈칸에 들어갈 말은 무엇
인가요?",0
"다음을 보고 무엇을 하고 있는지 이야기해 보세요. - 화가가 그린 그림, 시인이 쓴 시, 소설가가 쓴 소설은 모두 작품입니다.
우리는 시나 이야기로 된 작품을 읽고 생각과 느낌을 말할 수 있습니다.
사람마다 작품에 대한 생각이나 느낌이 다릅니다.
작품은 그림, 조각, 시, 소설 등 새롭게 만들어 낸 것이에요.",0
" 다음 빈칸에 알맞은 말을 쓰세요. 그림, 조각 ?미술 
시, 소설 문학 ",1
" 다음 그림과 어울리는 것을 연결해 보세요. 조각  미술 작품
그림  소설  문학 작품",-1
여러분이 최근에 본 작품이 있으면 하나만 말해 보세요.,1
"다음을 보고 친구들이 무엇을 하고 있는지 말해 보세요. 책을 다 읽은 후 친구들과 독서 토론을 했습니다.
같은 작품을 읽었지만 독서 토론에서 서로 다른 생각을 이야기했습니다.
독서 토론에서 알맞은 까닭을 들어서 내 생각을 말했습니다.
독서 토론을 할 때는 말 차례를 잘 지켜서 한 사람씩 자신의 생각을 말해야 합니다.
독서 토론은 독서를 한 후에 여럿이 모여서
읽은 내용에 대해 서로 다른 생각을 이야기하는 거예요.",1
"다음을 읽고 맞는 것에 표 하세요. 독서 토론은 책을 읽기 전  읽은 후에 하는 것입니다.
이야기의 내용에 대한 자신의 생각은 모두 똑같아야 합니다  서로
다를 수 있습니다 
3) 독서 토론에서는 ( 알맞은 까닭을 들어 / 아주 큰 목소리로 ) 말해야 합니다.",-1
"다음에서 친구들이 책을 읽은 후 독서 토론을 하고 있습니다. 그런데 무슨 일이
일어난 걸까요? 그림을 보고 빈칸에 알맞은 말을 써 보세요. 독서 토론을 할 때는 자기 말만 하려고 하면
안 됩니다. 한 사람씩 차례대로 말해야
합니다. 를 잘 지켜야 합니다.",1
독서 토론을 할 때 지켜야 할 것들을 모두 말해 보세요.,1
"다음 그림은 무엇을 하는 것인지 이야기해 보세요. 가족과 함께 뉴스를 시청하였습니다.
뉴스를 통해 오늘 일어난 새로운 소식들을 알 수 있습니다.
뉴스에서 내일의 날씨를 들었습니다.
텔레비전의 드라마를 시청합니다.
텔레비전 시청을 오래하면 눈이 나빠집니다. 새로운 소식을 뉴스 라고 해요.
텔레비전 방송을 눈으로 보고 귀로 듣는 것을 시청이라고 해요.",0
"다음 낱말의 뜻을 바르게 연결하세요. 뉴스  방송을 보고 듣는 것
 시청  새로운 소식",-1
다음 문장에서 빈칸에 들어갈 말을 써 보세요. 에서는 우리나라뿐만 아니라 다른 나라의 소식도 전합니다.,1
다음 중 빈칸에 ‘시청’이 들어갈 수 없는 낱말 카드를 골라 표 하세요.,0
뉴스를 시청한 적이 있나요? 보고 들은 내용을 말해 보세요.,0
"다음 그림에서 사람들은 무엇을 사용하고 있나요?  인터넷으로 전자메일을 보냅니다.
인터넷에서는 새로운 소식을 빠르게 알 수 있습니다. 휴대 전화로 언제 어디서든 전화를 할 수 있습니다.
전 세계의 컴퓨터가 서로 연결된 통신망을 인터넷이라고 하고,
손에 들고 다니는 전화기를 휴대 전화 라고 해요.",0
" 다음 낱말의 뜻을 읽고 알맞은 낱말을 찾아 연결하세요. 전 세계의 컴퓨터가 서로 연결된 통신망  휴대 전화
손에 들고 다니는 전화기  인터넷",1
"다음 중 인터넷과 휴대 전화의 좋은 점에는 표, 나쁜 점에는 표 하세요.  자주 사용하면 눈이 나빠집니다. 
 심심할 때 즐겁게 이용할 수 있습니다.
 새로운 소식을 빠르게 얻을 수 있습니다. ",1
휴대 전화와 인터넷을 이용하여 할 수 있는 일을 각각 1가지씩 말해 보세요.,1
"다음 그림은 무엇을 하고 있는 것인지 이야기해 보세요. 인터넷에서 필요한 정보를 찾을 수 있습니다.
인터넷에서 찾은 정보는 사실인지 아닌지 확인해야 합니다. 저작권을 보호하기 위해서는 인터넷에 있는 글이나 그림을 함부로 베끼면 안 됩니다.
어떤 사실에 대해 정리한 지식이나 자료를 정보라고 해요.
글, 그림, 음악, 영화, 게임 등을 만든 사람이 자신이 만든 것에 대해
가지는 권리를 저작권이라고 해요.",1
"다음 괄호 안에 들어갈 말로 알맞은 것에 표 하세요.  인터넷을 사용할 때에는 정보, 저작권을 를 보호해야 합니다.
인터넷에서 필요한 정보, 저작권을 를 찾을 수 있습니다. ",1
"다음을 읽고 정보에 대한 설명은 표, 저작권에 대한 설명은 표 하세요. 글을 쓴 사람이 자기가 쓴 글에 대해 가지는 권리에요. 
사실인지 아닌지 확인하고 사용해야 해요. 
음악을 이용할 때에는 돈을 내야 해요. 
책이나 신문을 읽으면 얻을 수 있어요. ",1
"오늘 날씨에 대한 정보를 확인할 수 있는 방법과 저작권을 지킬 수 있는 방법을
한 가지씩 말해 보세요.",1
"다음 그림을 보고, 이곳은 어디인지 이야기해 보세요. 곰, 호랑이, 원숭이는 동물의 이름을 나타내는 말입니다.
화장실, 식당, 쓰레기통, 빗자루는 사물의 이름을 나타내는 말입니다.
‘걷다’, ‘부르다’, ‘울다’는 사람이나 사물의 이름을 나타내는 말이 아닙니다.
명사는 사람이나 동물 , 사물의 이름을
나타내는 말이라고 해요.",-1
"다음 중 사람이나 사물의 이름을 나타내는 말에  표해 보세요. 먹다 지하철 교과서
기린 우체국 웃다
달리다 날다 자다",1
지금 여러분 주위에 있는 사람이나 사물의 이름을 적어 보세요.,0
"다음 그림을 보고, 무엇을 하고 있는지 이야기해 보세요. 교통수단의 움직임을 나타내는 말에는 버스가 달린다. 비행기가 날다. 등이 있습니다.
걷고, 뛰고, 달리는 것은 사람이나 동물의 움직임을 나타내는 말입니다.
동사는 사람이나 사물의 움직임을 나타내는 말이에요.",0
"다음의 이름을 나타내는 말을 움직임을 나타내는 말로 바꾸어 보세요. 봄 보다 걷기 걷다
부름 달리기
쉼 쓰기",0
"이 글은 철수의 일기입니다. 움직임을 나타내는 말을 찾아서  표해 보세요. 오늘은 아침에 일어나서 학교에 갔다.
점심을 먹고 친구들과 놀았다.
빨리 방학이 오면 좋겠다.",1
"다음 그림을 살펴보세요.  ‘넓다’는 마음이 넓다. 집이 넓다. 와 같이 성질이나 모양을 나타내는 말입니다.
꽃이 예쁘다. 학교가 아름답다.는 꽃과 학교의 성질을 나타내는 말입니다.
 키가 크다 얼굴이 작다 는 사람의 모양을 나타내는 말입니다.
형용사는 사람이나 사물의 성질이나 모양을
나타내는 말 이에요.",-1
" 다음 낱말들 중에 성질이나 모양을 나타내는 말을 고르세요. 예쁘다 듣다 어렵다 쓰다
달리다 크다 웃기다 작다",1
"다음은 ‘원숭이 엉덩이는 빨개’ 동요의 가사입니다. 사람이나 사물의 성질이나
모양을 나타내는 말을 찾아  표해 보세요. 원숭이 엉덩이는 빨개. 빨가면 사과. 사과는 맛있어. 맛있으면 바나나
바나나는 길어. 길으면 기차. 기차는 빨라. 빠르면 비행기. 비행기는 높아",1
"다음 낱말들을 보고 바뀌는 부분과 바뀌지 않는 부분을 찾아보세요. 먹다 먹는다 먹었다 먹으면 먹겠다
밝다 밝고 밝으니 밝아서 밝은  먹는다, 먹었다, 먹으면, 먹겠다 등에서 모양이 바뀌지 않는 낱말은 ‘먹’입니다. 
밝고, 밝으니, 밝아서, 밝은 등에서 모양이 바뀌는 낱말은 ‘고, 으니, 아서, 은’입니다.
사람이나 사물의 움직임, 성질, 모양을 나타내는 말은 모양이 바뀌는 낱말과 바뀌지 않는
낱말이 있습니다. 낱말들 중에는 모양이 바뀌는 낱말과 모양이 바뀌지 않는 낱말이 있어요.",0
"다음의 낱말들을 모양이 바뀌는 낱말과 모양이 바뀌지 않는 낱말로 구분해
보세요. 먹어서 먹  어서 달리고 달리  고
흔들리는 펼치면
찍어 팔아",1
"사람이나 사물의 움직임, 성질, 모양을 나타내는 말이 이름을 나타내는 말과 어떤
차이점이 있나요?",1
"다음 낱말들의 공통점을 찾아보세요. 가다 쓰다 오다 줍다 자라다 크다 아름답다 좋다 뱉다 기본형은 낱말을 대표하는 모양입니다.
사물이나 사람의 이름을 나타내는 말에는 기본형이 없습니다.
기본형은 사물이나 사람의 성질이나 모양, 움직임을 나타내는 말에 있습니다.
상황에 따라서 낱말의 모양이 바뀌는데 이를 대표하는 낱말을 기본형이라고 해요.",1
" 다음 글에서 파란색으로 쓴 낱말의 기본형을 써 보세요. 임금님은 옛날에 맛있게 먹었던 은어를 보고 반가워 얼른 한 점 집어 입에 넣었습니다. 그런데 임금님은 고개를 갸우뚱하더니 다시 한 번 다른
쪽 살을 한 점 집어서 맛을 보았습니다.",0
모양이 바뀌는 낱말을 대표하는 형태를 무엇이라고 하나요?,1
"다음을 읽어 보세요. 텔레비전으로 보는 것들, 컴퓨터로 보는 동영상, 만화 영화나 영화 같은 것들을 영상 매체라고 합니다.
독도에 관해 책으로 공부할 수 있지만 영상 매체를 통해서도 공부할 수 있습니다.
독도에 관한 영상 매체로는 독도에 대한 영화가 있습니다. ",1
" 다음에서 영상 매체에 관련 있는 것을 모두 골라 보세요. 텔레비전 광고 어린이 만화 영화
 국어사전  인터넷의 운동 경기 동영상",0
"영상 매체의 특징을 골라 보세요.  책으로 되어 있어요.
 글자로만 되어 있어요.
 움직이는 화면을 볼 수 있어요. 소리가 안 들리는 것이 대부분이에요",1
교실에서 볼 수 있는 영상 매체에는 어떤 것이 있나요?,0
"다음을 읽어 보세요. 영화를 보거나 책을 보고 감동을 느낍니다.
 감동하면 눈물을 흘리기도 합니다.
마음이 움직이는 것을 감동이라고 해요.
 공감을 하면 시나 이야기를 잘 이해할 수 있습니다.
다른 사람의 말을 잘 듣고 공감하면 이야기를 잘 나눌 수 있습니다.
다른 사람의 생각이나 느낌을 자기도 같게 느끼는 것을 공감이라고 해요.",0
"감동을 느낄 수 있는 것을 모두 골라 보세요. 아름다운 시를 읽을 때
  뉴스 프로그램에서 날씨를 알려줄 때
  주인공이 어려움을 이겨내는 영화를 볼 때
  다른 사람을 돕는 사람에 대한 텔레비전 프로그램을 볼 때",0
"관련 있는 것끼리 연결해 보세요. 마음이 움직이고 느끼는 것이에요. 공감
다른 사람의 생각이나 느낌을 이해하며 나도 함께
느끼는 거예요.  감동",1
감동적인 영화나 이야기를 알고 있으면 어떤 내용인지 이야기해 보세요.,1
"다음은 ‘신데렐라’ 이야기의 한 장면이에요. 언제, 어디에서 일어난 일인지 말해
보세요. 이야기 속에서 사건이 벌어지는 시간을 시간적 배경이라고 하고,
사건이 벌어지는 장소를 공간적 배경이라고 해요.",1
"위 그림을 보고, 다음 빈칸에 알맞은 말을 써 보세요. 신데렐라는 밤 12시가 되자 궁전 밖으로 뛰어나오다가 유리 구두를 떨어뜨립니다. 이
장면에서 배경은 ‘밤 12시’입니다. 배경은 궁전 밖입니다.",0
 다음을 바르게 연결하세요. 시간적 배경  어디서  학교  공간적 배경  언제  아침,0
내가 재미있게 읽은 책의 시간적 배경과 공간적 배경을 찾아보세요.,1
"다음을 읽어 보세요. 요즘 운동장이 쓰레기로 너무 지저분합니다. 운동장 곳곳에 쓰레기통을 두면 좋겠습니다. 그렇게
하면 학생들이 쓰레기를 쓰레기통에 버릴 것이고 그러면 운동장이 깨끗해질 것이기 때문입니다.
글(가)에서 문제 상황은 운동장이 너무 지저분한 것입니다.
글(가)에서 제안은 쓰레기통을 두면 좋겠다는 것입니다.
글(가)에서 까닭은 쓰레기통을 설치하면 운동장이 깨끗해질 것이라고 생각하는 것입니다.
(나) 요즘 복도에서 뛰다가 다치는 학생들이 많습니다. 복도에서 뛰지 않고 조용히 다니면 좋겠습니다.
그러면 학생들이 넘어지거나 다치는 일이 적어질 것이기 때문입니다.
글(나)에서 문제 상황은 복도에서 다치는 학생들이 많다는 것입니다.
글(나)에서 제안은 복도에서 조용히 다니자는 것입니다.
글(나)에서 까닭은 학생들이 넘어지거나 다치는 일이 적어질 것이라고 생각하는 것입니다.
글(가), 글(나)와 같이 문제 상황, 제안, 까닭의 내용을 가진 글을 제안하는 글이라고 합니다.
고쳐야 되는, 문제를 일으키는 상태를 문제 상황이라고 해요.
이렇게 하면 좋겠다고 의견을 내는 것을 제안이라고 해요.
의견을 내는 이유를 까닭이라고 해요.",-1
" 문제 상황, 제안, 까닭의 내용으로 된 글을 무엇이라고 하는지 골라 보세요. 소개하는 글  제안하는 글  마음을 전하는 글  새로운 소식을 알리는 글",0
"어울리는 것끼리 연결해 보세요.  놀이터에서 그네를 타려고 어린이들이
싸우는 일이 많습니다.  문제 상황
 놀이터에 그네를 더 만들면 좋겠습니다.  까닭
 그네를 더 만들면 어린이들이 싸우는 일
없이 잘 놀 수 있을 것이기 때문입니다.  제안",-1
화장실이 너무 지저분한 문제 상황이 생겼어요. 여러분은 어떤 제안을 해 보겠어요?,0
"다음을 읽어 보세요. 하늘에서 하얀 눈이 내립니다.
먼지 때문에 눈이 간지럽습니다.
차를 타고 다리를 건너갑니다.
많이 걸어서 다리가 아픕니다.
운동장에서 공을 찹니다.
얼음을 만지니 손이 찹니다.
위의 ‘눈’, ‘다리’, ‘찹니다’ 같은 낱말을 소리는 같지만 뜻이 다른 낱말이라고 해요.",1
"빈 곳에 공통적으로 들어갈 낱말을 보기에서 찾아보세요. 배, 발, 타요, 써요   가 아파서 울었어요.
 가 정말 달고 맛있어요. 약이 너무 
 선생님께 편지를 ",1
"빈 곳에 공통적으로 들어갈 낱말을 생각해서 써 넣어 보세요. 어려우면 위 문제의
보기를 참고하세요.  버스를 
 종이가 불에 
에 가시가 들어갔어요.
 창문에 을 쳤어요.",-1
"다음을 읽어 보세요. 오늘 점심을 맛있게 먹었습니다.
울지 않기로 마음을 먹었습니다.
나이를 한 살 더 먹었습니다.
바람이 부니 시원합니다.
축구공에 바람이 빠졌습니다.
공부는 않고 마음에 바람만 들었습니다.
위의 ‘먹었습니다’, ‘바람’ 같은 낱말은
한 낱말이 여러 가지 뜻으로 사용되는 경우의
낱말들입니다.",1
"빈 곳에 공통적으로 들어갈 낱말을 보기에서 찾아보세요.  머리, 높다, 이, 섰다   물의 온도가 .
 하늘이 .
가 좋다.
 샴푸로 를 감았다.",0
"빈 곳에 공통적으로 들어갈 낱말을 생각해서 써 넣어 보세요. 어려우면 위 문제의
보기를 참고하세요. 동생이 잠시 앉았다가 
 차가 움직이다가 
가 아파서 치과에 갔다.
 그릇에 가 나갔다.",0
"민서가 쓴 감사 편지입니다. 같은 점과 다른 점은 무엇인지 살펴보세요.    왼쪽은 컴퓨터를 사용하여 글을 쓴 것이고, 오른쪽은 손으로 쓴 글입니다.
컴퓨터를 사용하여 글을 쓰면 편리한 점이 많이 있습니다.
컴퓨터를 사용하여 글을 쓰면 컴퓨터에 있는 사진이나 그림을 쉽게 넣을 수 있습니다.
컴퓨터를 사용한 글쓰기는 글의 내용을 더하거나, 지우거나, 옮겨서 고치기가 편리해요. ",1
" 다음 중 컴퓨터를 사용한 글쓰기의 특징이 아닌 것은?  여러 장 인쇄하기 쉽다.  글자의 모양을 바꾸기가 쉽다.
아주 커다란 글자도 인쇄할 수 있다.
사인펜, 색연필, 크레파스 등 다양한 재료로 글을 쓸 수 있다. ",0
"컴퓨터를 사용한 글쓰기의 장점이 아닌 것은? 
같은 모양의 글자체로 계속 쓸 수 있다.
내용의 순서가 바뀌어도 쉽게 고쳐쓸 수 있다.
나의 손글씨를 보여줄 수 있다.
쓰다가 지워도 글자의 자국이 남지 않는다. ",1
"민서는 키우던 강아지를 잃어버려서 강아지를 찾는다는 글을 붙이려고 합니다. 같은
내용으로 30장을 만들려고 할 때, 손으로 쓰는 방법과 컴퓨터를 사용한 글쓰기
중 더 편리한 방법은 무엇일까요?",-1
"아래의 그림을 보고 무엇인지 이야기해 보세요.  예림이는 학예회에 사람들을 초대하기 위해 초대장을 만들었습니다.
 초대장에는 초대받는 사람, 초대하는 일의 내용, 날짜, 장소, 초대하는 사람이 들어가야
합니다.
 초대하는 일에는 생일잔치, 돌잔치, 학예회, 결혼식 등이 있습니다.
 어떤 자리나 모임에 참여해 달라고 적어서 보내는 글을 초대장이라고 합니다. ",-1
" 다음 중 초대장을 보내는 경우를 두 가지 고르세요. 
 학교에서 시험을 볼 때
 학교에서 학예회가 열릴 때
 가족끼리 여행을 떠날 때
 동생의 돌잔치가 열릴 때",0
" ‘초대장’과 가장 비슷한 뜻의 낱말을 찾으세요.
공연장 졸업장
주차장 초청장",0
나의 생일잔치에 친구들을 초대하려고 합니다. 초대장에 꼭 써야 할 내용은 무엇인가요?,0
"아래와 같은 모습을 어디에서 볼 수 있나요?
컴퓨터로 글을 쓰면 글을 복사하고, 지우고, 글자 모양을 쉽게 바꿀
수 있습니다.
컴퓨터 편집 기능이 있어서 컴퓨터로 글을 쓰면 고쳐 쓰기가 쉽습니다.
컴퓨터 편집 기능을 이용하면 컴퓨터를 이용해 글을 쓸 때
글자 모양 바꾸기, 맞춤법 검사, 그림 넣기 등을 손쉽게 할 수 있어요. ",0
"다음 빈칸에 들어갈 말은 무엇일까요?  동영상을 하여 우리 반 소개 자료를 만들었다.
 친구들이 쓴 글을 모아 을 하고, 책으로 만들었다.
 컴퓨터의 기능을 이용하여 글을 쉽게 고쳐 쓸 수 있었다. ",-1
"안에 알맞은 말을 써 보세요
컴퓨터에서 글을 작성하면 글을  할 수 있는 기능이 있습니다. ",-1
"시와 그림이 함께 있는 것을 본 적이 있나요?
 시화에는 시와 함께 시에 어울리는 그림이 있습니다.
 시에 있는 그림은 시의 내용을 표현하였습니다.
 시화는 시와 그림을 함께 나타낸 것입니다.
시와 함께 그린 그림을 시화라고 해요. ",-1
다음 중 시화는 어느 것인가요?,-1
‘시화’라는 낱말을 넣어 문장을 1개 만들어 보세요. ,0
"다음과 같은 글을 무엇이라고 부를까요?
책을 읽고 주인공에게 쓴 편지
책을 읽고, 줄거리와 자신의 생각을 쓴 일기
책을 읽은 느낌을 시로 표현한 것
 독서 감상문은 책을 읽고 난 후 자신의 생각을 자유롭게 표현한 글입니다.
 독서 감상문을 쓰면 책의 내용을 오래 기억할 수 있고, 자신의 생각을 정리해 볼 수
있어서 좋습니다.
 독서 감상문에는 책을 읽게 된 까닭, 책의 줄거리, 책에서 인상적인 부분과 관련된
내용이 들어가면 좋습니다.
책을 읽고 자기 생각이나 느낌을 적은 글을 독서 감상문이라고 해요.",1
" 다음 중 독서 감상문이 아닌 것은 무엇인가요? 
책을 읽고, 중요한 장면을 만화로 표현했어요.
책을 읽고 나서 생각이나 느낌을 동시로 표현했어요.
내가 책의 주인공이었으면 어떻게 행동했을지 상상하여 표현했어요.
학교에서 현장 학습을 다녀와서 즐거웠던 일을 일기로 썼어요.",1
"독서 감상문에 꼭 포함되어야 할 내용이 아닌 것은 무엇인가요? 
 책의 줄거리  책의 가격
 책을 읽게 된 이유  책을 읽고 난 후에 든 생각 ",1
책을 읽고 자기 생각이나 느낌을 적은 글을 무엇이라고 하나요?,1
"아래의 문장을 크게 읽어 보세요.
작품은 창작 활동으로 만든 결과물로 그림, 영화, 소설과 같이 다양한 형태입니다.
그림, 영화, 소설에는 등장인물이 있습니다.
작품에는 등장인물이 대부분 있습니다.
작품은 창작 활동으로 만든 결과물이에요.
작품에 나타나는 인물을 등장인물 이라고 해요.",0
"다음 그림을 보고, 이 남자가 무슨 생각을 하고 있을지 적어 보세요.
돈이 많아서
너무 좋군
인물의 말과 행동을 통해서 인물의 생각을 짐작할 수 있어요.",1
"다음 인물의 말을 읽고 생각을 짐작해 보세요.
흥부의 말 놀부 형님께 밥을 얻으러 갔다 오겠소.
흥부의 생각
엄마의 말 오늘 학교에서 성적표 나오는 날이지
엄마의 생각",0
다음의 말로 짐작할 수 있는 것은 무엇인가요 난 친구가 많아서 행복해요 엄마가 너무 힘들어 보여요.,0
"다음 글을 순서대로 읽어 보세요.
개미는 부지런하고 베짱이는 놀기 좋아합니다.
봄 여름 가을 동안 개미는 열심히 일을 해서 곡식을 쌓아 두었습니다.
베짱이는 일을 하지 않고 놀기만 했습니다.
추운 겨울날 베짱이는 곡식이 없어서 개미를 찾아갑니다.
위의 글을 순서대로 읽으면 이야기의 흐름을 알 수 있어요.",0
"다음 안에 알맞은 낱말을 써 보세요.
일정한 방향으로 진행되는 현상을 이라고 해요. 친구가 대화 중에 엉뚱한 이야기를 한다면 대화의 깨진다고 해요.",1
"다음 안에 알맞은 낱말을 써 보세요.
흐름을 생각하면서 글을 읽는 것이 좋아요.
이야기의 생각하면 인물의 생각을 잘 알 수 있어요.
흐름을 알면 이야기를 잘 정리할 수 있어요.",1
이야기가 일정한 방향으로 진행되는 것을 무엇이라고 하나요?,1
"다음 예문을 큰 소리로 읽어 보세요.
문제를 해결하기 위해 함께 의논하는 것을 토의라고 합니다.
절차는 어떤 일을 하기 위한 순서입니다.
토의를 하기 위한 절차는 토의 주제를 선정하기 자신의 의견 마련하기 다른 사람과
의견 나누기 가장 좋은 해결방법 선택하기 입니다.
토의를 하기 위한 순서를 토의절차라고 해요.",1
"다음 안의 문장을 읽고 토의 절차의 순서대로 나열해 보세요. 어떤 낱말이
보이나요
토의 주제를 선정하기
다른 사람과 의견을 나누기
자신의 의견 마련하기
가장 좋은 해결 방법 선택하기",1
"아래의 토의 절차를 읽고 맞는 것에 틀린 것에 해 보세요.
공동의 문제가 되는 주제를 정한다.
나의 의견을 주장하기 위한 근거 자료를 모은다. 상대방의 의견을 무시하기 위해 귀를 막는다.
가장 좋은 해결 방법은 무조건 내 의견이어야 한다.",1
"공동의 문제를 해결하기 위해 의견을 주고받으며 가장 좋은 해결 방법을 선택하는
순서를 무엇이라고 하나요",1
다음 그림을 보고 어떤 상황인지 이야기해 보세요. 제안은 의견이나 안건을 내놓는 것을 말해요.,1
"다음의 문장들 중 어울리는 것끼리 연결해 보세요.
제안을 거절하다.
제안에 찬성하다
제안에 동의하다.
제안을 받아들이다.
제안에 반대하다
제안을 받아들일 수 없다.",1
"다음 그림 아래에 들어갈 알맞은 말을 써 보세요.
제안을",1
나의 의견을 학급회의에 이야기 하는 것을 무엇이라고 하나요,1
"다음 그림은 무엇을 나타내는 것인지 이야기해 보세요.
첫 번째 사진에서 문제 상황은 쓰레기를 함부로 버리는 것입니다.
두 번째 사진에서 문제 상황은 쓰레기 때문에 물이 오염되는 것입니다.
문제 상황은 여러 가지 방법으로 해결해야 합니다.
해결해야 할 일이 벌어진 상태를 문제상황이라고 해요.",1
"다음 글을 읽고 문제 상황이 나타난 문장은 어느 것인가요 학교 운동장에 쓰레기가 많습니다.
운동장을 이용하고 난 뒤에는 쓰레기를 집으로 가져가 주세요.
왜냐하면 쓰레기를 치우려면 시간이 오래 걸리기 때문입니다.
학교 운동장에 쓰레기를 버리지 말아 주세요.",1
"다음 중 문제 상황으로 알맞은 것을 찾아 표 하세요.
거리에 꽃이 아름답게 피었어요.
친구들이 사이좋게 놀아요.
교실에서 뛰어서 친구들이 다쳐요.
밥을 골고루 잘 먹어요.",0
우리 반에서 해결해야 할 문제는 무엇인가요 문제 상황을 이야기해 보세요.,1
"다음 문장을 읽고 진하게 표시된 낱말의 뜻을 이야기해 보세요.
내 친구는 나보다 다리가 길다. 책상 다리가 망가졌다.
다의어는 원래의 뜻이 보다 넓어져서 두 가지 이상의 뜻을 가지게 된 낱말이에요.",1
"다음은 머리와 관련한 문장입니다. 머리가 뜻하는 것으로 어울리는 것끼리 연결하세요.
머리를 긁다 머리를 자르다. 머리가 좋다.
머리카락. 생각하고 판단하는 능력. 신체에서 목 위의 부분",1
"다음 문장을 읽고 아래의 깎다의 뜻을 말해 보세요.
사과를 깎다 잔디를 깎다.",1
"아래의 글이 시키는 대로 컵을 그려 보세요.
위에서 바라본 컵을 그려 보세요. 옆에서 바라본 컵을 그려 보세요.
관점은 사물이나 현상을 보고 생각하는 자신의 입장 또는 태도를 뜻해요.",1
"다음 안에 들어갈 알맞은 낱말을 써 보세요.
개인의 경험과 생각에 따라 다르기 때문에 다양하게 나타나요.
사물과 현상을 보는 방식은 에 따라 달라요.
중립적 어떤 상황에서 한 쪽으로 치우치지 않는 것을 말해요.",1
여러분의 관점에서 교장 선생님은 어떤 분인가요,1
"아래의 사진을 설명해 보세요.
대상의 특성에 따라 설명하는 글을 쓰면 이해가 쉽습니다.
설명하는 글은 분석 분류 비교 대조 등의 방법을 사용할 수 있습니다. 두 가지 이상의 대상에 대한 설명하는 글을 쓸 때는 공통점을 찾아서 쓰는 비교 방법과
차이점을 찾아서 쓰는 대조 방법이 있습니다.
두 사람이 휴대폰을 만지며 음식을 먹는다는 설명은 분석해서 쓴 설명하는 글입니다.",1
"아래의 글을 읽고 어떤 방법의 설명하는 글인지 말해 보세요.
여름철 과일의 대표로 수박과 참외가 있습니다. 수박은 초록색 껍질에 검은색 줄무늬가
있고 아주 크고 둥급니다. 참외는 노란색 껍질로 속은 하얗고 작고 타원형으로 수박과
형태가 다릅니다.",1
"아래의 원고지에 띄어쓰기가 된 곳에 표해 보세요.
띄어쓰기는 글을 쓸 때 굉장히
중요한 역할을 합니다. 띄어쓰기가
잘못된 글은 글을 읽는 사람이 이해
를 못할 수 있습니다.
띄어쓰기는 글을 쓸 때, 각 낱말마다 띄어서 쓰는 것을 말해요.",1
"다음 글에서 띄어 써야 하는 부분에 표해 보세요.
오늘은 날씨가 맑다.
학교에서 점심으로 치킨이 나왔다.
화장실에서 손을 깨끗이 씻어요.",1
"다음 문장에서 띄어쓰기가 올바르게 된 문장을 고르세요.
아침에는 우유를 한 잔 만 마신다.
어제 축구 경기에서 일대영으로 우리나라가 이겼다.
내 동생은 일곱 살이지만 똑똑하다. 내가 사랑하는 사람은 너뿐이야.",1
"다음 문장을 읽고 띄어쓰기의 중요성에 대해 이야기해 보세요.
아버지가 방에 들어가신다.
아버지 가방에 들어가신다.",1
"다음 그림을 보고 같은 점과 다른 점을 말해 보세요.
자전거와 오토바이의 공통점은 바퀴가 2개인 것입니다.
자전거와 오토바이의 공통점은 탈 수 있다는 것입니다.
자전거와 오토바이의 차이점은 자전거는 가스를 넣지 않아도 움직이는 것입니다.
어떤 것들의 같은 점을 공통점이라고 하고,
다른 점을 차이점 이라고 해요.",1
"다음 그림을 보고 알맞은 것끼리 연결해 보세요.
과일 공통점
동그란 모양 차이점",1
"다음 낱말의 공통점으로 알맞은 것은 어느 것인가요?
걸어다닌다. 날아다닌다. 뛰어다닌다. 기어다닌다.",1
축구와 농구의 공통점과 차이점을 말해 보세요.,1
"다음 중 바르게 쓴 낱말은 어느 것일까요?
거북이
거북이라고 적어야 맞춤법에 맞습니다.
글자를 쓸 때는 맞춤법에 맞게 적어야 합니다.
글자를 쓰고 난 후에 맞춤법을 확인하였습니다.
글자를 적을 때 지켜야 하는 규칙을 맞춤법이라고 해요.",-1
"빈칸에 들어갈 말로 알맞은 것을 찾아 표 하세요.
나는 ()에 맞게 글자를 썼습니다. 맞춤법",0
"다음 그림을 보고 맞춤법에 맞는 것을 찾아 표 하세요.
할아버지 밥을 먹는다.",0
어제 쓴 일기를 다시 읽고 맞춤법에 틀린 글자를 찾아보세요.,-1
"다음을 보고 어떤 말이 듣기 좋은지 말해 보세요.
칭찬하고 축하하고 응원하는 말은 기분 좋은 영향을 줍니다.
화내고 우울하고 비난하는 말은 기분 나쁜 영향을 미칩니다.
우리가 하는 말은 다른 사람들에게 좋거나 나쁘게 영향을 미칠 수 있습니다.
우리가 하는 말이 다른 사람에게 상처가 되기도 하고 힘이 되기도 하는 것이
말이 미치는 영향이에요.",1
"다음에서 기분 좋은 말에는 표, 기분 나쁜 말에는 표 해 보세요.
축하해. 정말
대단하다!
색연필 안 가져왔어?
내 색연필 같이 쓸래?
됐어. 잔소리 그만 해.
야, 너 뭐야! 내
필통을 떨어뜨리면
어떻게 해?
네가 해 준 말이 정말
힘이 되었어.
또 색연필을 안
가져왔어? 넌 도대체
왜 그래?
네 목소리는 정말 듣기
싫어.
미안해. 실수로 네
필통을 떨어뜨렸어. 내
잘못이야.
넌 목소리가 정말
부드러워서 듣기 좋아.",0
선생님과 친구에게 기분 좋은 영향을 미칠 수 있는 말 한마디를 해 보세요.,0
"다음을 보고, 비슷한 성격을 가진 말끼리 묶어 보세요.
문장 성분에는 주어 서술어 목적어 등이 있습니다.
주어는 누가 무엇이 입니다.서술어는 어찌하다 어떠하다 무엇이다 입니다.
목적어는 누구를 무엇을 입니다.
문장성분은 문장을 이루는 부분을 말해요.
주어, 서술어, 목적어 등이 있어요.",1
"어휘 이해에 나온 말들을 다음 빈칸의 알맞은 곳에 쓰세요 주어 서술어 주어 서술어
새가 운다
주어 목적어 서술어 주어 목적어 서술어
나는 동생을 좋아한다.",-1
하늘이 파랗다 와 사자가 물을 마시다 에서 주어 서술어 목적어는 각각 무엇인가요,-1
"다음을 보고 어색한 부분은 없는지 이야기해 보세요 주어는 몸무게가 키가 이고 서술어는 무겁다 크다입니다
주어 몸무게와 키가에 서술어 크다는 호응 관계가 이루어지지 않습니다
주어와 서술어의 호응 관계가 이루어지지 않을 때는 주어에 호응이 이루어지는 서술어로
고치거나 서술어에 호응이 이루어지는 주어로 고칩니다
문장 안에서 앞에 어떤 말이 나오면 뒤에 어울리는 말이 짝을 이루는 것을
호응이라고 해요 서로 짝을 이루는 말은 호응 관계를 이루고 있어요",-1
"몸무게와 키가 크다 에서 다음의 주어에 호응이 이루어지는 서술어를 쓰세요
몸무게가
키가",1
"다음에서 서술어 크다 와 호응을 이루는 주어에 표 하세요
몸무게가 키가",0
"몸무게와 키가 크다 를 보고 주어와 서술어가 호응이 이루어지도록 문장을
바르게 고쳐 쓰세요",1
나는 과자와 물을 마신다 에서 어색한 부분을 말해 보세요,0
"다음을 보고 선생님께서 무엇을 보고 다음과 같은 생각을 하셨을지 말해 보세요.
선생님은 우빈이의 얼굴이 빨개지는 것을 보고, 우빈이가 새봄이를 좋아한다고 추론했습니다.
책을 훑어보면서 책의 내용이 어떠한지 추론할 수 있습니다.
추론하면서 글을 읽으면 글의 내용을 바탕으로 글에 드러나지 않은 부분을 미루어 생각해
볼 수 있습니다.
추론하다는 미루어 짐작해 보는 거예요.
이미 알려진 정보를 근거로 삼아 다른 생각을 이끌어 내는 거예요",0
"다음을 보고 책의 내용을 추론하여 빈칸에 알맞은 말을 쓰세요.
이 책은 5학년 6학년이 공부하는 책입니다.
이 책은 사회 교과서 국어 교과서입니다
이 책은 학교 학원에서 보는 책입니다.
이 책은 혼자 숙제할 때 함께 수업 시간에 보는 책입니다.",0
자주 보는 만화 영화의 예고편을 보고 난 뒤에 다음 화는 어떤 내용일지 추론해 보세요,0
"다음에서 친구들이 무슨 이야기를 하고 있는지 말해 보세요.
글의 내용을 떠올렸다면 어떤 순서로 쓸지 내용을 조직해야 합니다.
글의 처음과 가운데, 끝 부분에 어떤 내용을 쓸지 조직합니다.
글의 내용을 조직하여 정리한 것이 글의 개요입니다.
글을 쓸 때 어떤 내용을 어떤 순서로 쓸지 정하는 것을 내용조직이라고 해요.",-1
"다음을 읽고 빈칸에 알맞은 말을 보기에서 찾아 쓰세요.
글을 쓸 때는 무엇을 쓸지 내용을 떠올린 후에 처음 가운데 끝 부분에
어떤 내용을 넣을지를 정해야 합니다.
글에 쓸 내용의 순서를 정하는 것을 내용 이라고 합니다.
글의 처음 부분과 가운데 부분 끝 부분에 무엇을 쓸지 중요한 내용만
간단하게 정리하여 쓴 것을 글의 라고 합니다.
보기 조직 개요 주장 순서 근거",1
"급식을 먹은 후에 양치를 합시다를 주제로 주장을 펼치는 글을 쓴다면 어떻게
내용을 조직해야 할까요",-1
"다음을 보고 무엇을 말하고 있는지 이야기해 보세요. 학교에서 쓰레기를 함부로 버리지 말자는 표어를 만들었습니다.
표어는 짧은 말로 하고 싶은 말을 잘 표현합니다.
불조심을 하자는 내용이나 질서를 지키자는 내용의 표어를 보았습니다.
표어는 주장을 간단하게 나타낸 짧은 말이나 글이에요.",0
"다음 그림에 어울리는 표어를 고르세요.
저는 물을
좋아해요
제게 물을 주세요
밟지 마세요
지켜 주세요
나무를 죽이는
종이컵
나무를 살리는
유리컵 컵은 싫어요
나무는 좋아요",-1
위의 그림을 보고 여러분도 표어를 만들어 보세요.,1
"다음 글의 개요를 보고 무엇을 주장하고 있는지 말해 보세요.
주장하는 글에는 글쓴이의 주장이 있습니다.
주장하는 글에는 주장에 대한 근거가 있습니다.
주장하는 글은 처음 가운데 끝 부분으로 이루어져 있습니다.
주장하는 글은 글을 쓴 사람의 주장과 근거가 드러난 글이에요.",1
"위의 개요를 보고 알 수 있는 주장과 근거를 쓰세요.
주장
근거
양치를 하지 않으면 입 냄새가 날 수 있다.",0
"다음을 보고 주장하는 글의 짜임에 맞게 서로 어울리는 것을 연결하세요.
글의 처음 부분 요약 및 강조
글의 가운데 부분 글을 쓰는 까닭
글의 끝 부분 주장에 대한 근거",-1
쓰레기는 쓰레기통에 버리자라는 주장에 대한 근거를 말해 보세요.,1
"다음을 보고 무엇을 읽고 있는지 말해 보세요.
글의 종류에 따라 독서 방법이 다릅니다.
글을 읽는 목적에 따라 독서 방법이 다릅니다.
다양한 글이 있기 때문에 독서 방법도 다양합니다.
독서방법은 책을 읽는 방법이에요.
글의 종류와 읽는 목적에 따라 읽기 방법은 달라질 수 있어요.",0
"다음은 무엇이 다른지 빈칸에 알맞은 말을 쓰세요.
난 지금 대한민국 국보 제1호 숭례문에 대해 설명하는 글을 읽고 있어.
난 숭례문과 같은 문화재를 잘 보존하자고 주장하는 글을 읽고 있어.
민서와 정우는 읽고 있는 가 서로 달라서 독서 방법이 다릅니다.",0
"다음을 보고 서로 어울리는 것을 연결하세요.
시험공부를 하면서 국어 교과서를 꼼꼼히 읽었습니다.
훑어 읽기
수지는 음식점 광고지를 보면서 먹고
싶은 음식이 있는지 찾아보았습니다.
자세히 읽기",1
"우리나라 옛날 지도에 대한 정보를 찾기 위해 인터넷 백과사전을 찾아보았습니다.
어떤 독서 방법으로 읽어야 할까요",-1
"다음 그림은 무엇을 하고 있나요 무엇을 읽고 있나요
어떤 음식을 먹을지 메뉴판을 훑어 읽었습니다.
책에서 알고 싶은 내용을 찾으려고 빠르게 훑어 읽기를 하였습니다.
핸드폰 설명서의 내용을 훑어 읽었습니다.
처음부터 끝까지 자세히 다 읽지 않고 필요한 것만 눈으로 찾아 읽는 것을
훑어읽기라고 해요.",0
"다음 중 훑어 읽기와 관련 있는 설명을 찾아 표 해 보세요.
자세히 읽다.
필요한 것만 찾아서 읽다.
처음부터 끝까지 전부 다 읽다.",1
"다음과 같은 상황에서는 어떻게 읽어야 하는지 빈칸에 알맞은 말을 쓰세요.
사전에서 필요한 낱말을 찾습니다.
열차 시간표에서 원하는 시간의 기차를 찾아 읽습니다 를 합니다.",0
훑어 읽기를 하여 글을 읽었던 적이 있나요 훑어 읽기는 언제 해야 하나요,-1
"다음 작품을 읽고 어떤 장면이 떠오르는지 말해 보세요.
펄펄 나는 저 꾀꼬리
암수 서로 정답구나.
외로운 이 내 몸은
뉘와 함께 돌아갈꼬.
시에는 말하는 이가 있습니다.
이야기에도 말하는 이가 있습니다. 작품에서 말하는 이가 누구인지 무슨 말을 하고 있는지 살펴봅니다.
말하는 이는 문학 작품 속에서 이야기를 전해 주는 인물이에요.",1
"다음 작품에서 말하는 이는 누구인지 알맞은 것을 고르세요.
펄펄 나는 저 꾀꼬리
암수 서로 정답구나.
외로운 이 내 몸은
뉘와 함께 돌아갈꼬.
정다운 꾀꼬리
혼자 있어 외로운 사람 짝과 함께 행복한 사람",0
"다음을 읽고 말하는 이의 마음이 어떠한지 바르게 연결하세요.
펄펄 나는 저 꾀꼬리
암수 서로 정답구나.

꾀꼬리의 정다운 모습을
부러워하고 있어요.

외로운 이 내 몸은
뉘와 함께 돌아갈꼬.

나는 혼자 있어서 슬퍼하고
있어요.",0
"‘어휘 연습’의 시에서 말하는 이는 어떤 사람(남자 또는 여자, 친구가 많은 사람 또는",0
"어휘 연습의 시에서 말하는 이는 어떤 사람 남자 또는 여자 친구가 많은 사람 또는
짝이 없어 외로운 사람 등 일 것 같은지 상상해서 말해 보세요.",-1
"다음을 읽어 보세요.
글을 읽고 감동을 받았습니다.
감동을 느끼고 눈물을 흘렸습니다.
감동을 주는 시를 읽었습니다.
어떤 것을 보고 듣고 읽거나 하면서 큰 느낌을 받는 것을 감동이라고 해요.
글을 읽고 독서 감상문을 썼습니다.
책을 읽고 느낀 감동을 독서 감상문으로 썼습니다. 독서 감상문은 시를 읽고도 쓸 수 있습니다.
글을 읽고 느낀 점이나 자신의 생각을 쓴 글을 독서 감상문 이라고 해요.",1
"다음의 문장들에서 괄호 속에 공통적으로 들어갈 낱말을 써 보세요.
친구에게 을 받았어요.
영화를 보고 해서 눈물을 흘렸어요.
글을 읽고 을 느껴 독서 감상문을 썼어요.
같은 시를 읽고도 사람마다 다를 수 있어요.",1
"다음은 독서 감상문입니다. 읽어 보세요.
흥부와 놀부를 읽고
김세라
흥부는 마음씨 좋은 동생이고 놀부는 욕심이 많은 형이다. 흥부는 너무 가난한데 놀부는
부자다. 내가 그렇게 부자인 형이라면 가난한 동생을 많이 도와 줄 것 같다. 그런데 흥부를
그런 형이 아니다. 오히려 동생이 부자가 되니 심술을 낸다. 그러다가 벌을 받았다. 흥부는
마음씨가 좋아서 다친 제비를 고쳐 주고 복을 받았다. 나도 항상 착하게 지내야 할 것 같다.
그런데 내가 흥부라면 착하게 지내면서도 자식을 먹여 살리기 위해 더 열심히 일할 것 같다.",1
"글을 읽고 감동을 느끼면 독서 감상문을 쓸 수 있어요. 최근 읽은 책 중에서 독서
감상문을 쓰고 싶은 책이 있다면 그 책의 제목을 써 보세요.",0
"다음을 읽어 보세요.
글의 주제는 글을 읽는 이에게 글 쓴 사람이 말하려고 하는 중심 내용입니다.
이야기에서 일어난 어떤 일을 사건이라고 합니다. 이야기에는 여러 가지 사건들이 있습니다.
이야기에서 일어난 중요한 일들을 엮으면 줄거리가 됩니다.
흥부와 놀부 이야기로 주제, 사건, 줄거리를 설명하면 다음과 같습니다.
주제 착한 일을 하면 복을 받을 수 있다.
사건
흥부는 부러진 제비 다리를 고쳐 주었습니다.
놀부는 쌀을 얻으러 온 동생 농부를 쫓아냈습니다.
줄거리
옛날에 흥부와 놀부 형제가 살았습니다. 놀부는 마음씨가 나쁘고 흥부는
착했습니다. 그런데 놀부는 부자고 흥부는 가난했습니다. 하지만 놀부는
동생을 도와주지 않았습니다. 그러던 어느 날 흥부가 새끼 제비의 부러진
다리를 고쳐 주었어요. 흥부는 이런 착한 일로 복을 받아 부자가 되었습니다.
이 소식을 들은 놀부는 샘이 나서 일부러 제비 다리를 부러뜨리고 제비
다리에 붕대를 감아 주었습니다. 놀부는 이런 나쁜 일을 저질러 벌을 받았
습니다. 흥부는 가난해진 놀부를 도와서 함께 잘 살았습니다.",1
"다음 글을 읽고 물음에 대답해 보세요.
개미와 베짱이
어느 마을에 개미와 베짱이가 살았습니다. 개미는 따뜻한 봄과 여름 가을에 열심히 일했
습니다. 하지만 베짱이는 열심히 일하는 개미를 놀리며 놀기만 했습니다. 그러다 겨울이
왔습니다. 개미는 평소에 열심히 일해서 모아둔 먹을거리로 따뜻한 겨울을 지냈습니다. 그러나
베짱이는 평소에 모아둔 먹을 것이 없어 굶어 죽고 말았습니다.
위의 글의 주제는 무엇인지 골라 보세요.
열심히 일하기보다는 열심히 놀자. 먹을 것을 많이 주변에 나누어 주자.
주변 사람들이 저축을 하면 말리자. 평소 열심히 일해서 어려운 일을 대비하자.",1
개미와 베짱이 이야기에서 사건이라고 할 수 있는 것을 모두 골라 적어 보세요.,1
"다음을 읽어 보세요.
여행을 통해 견문을 넓혔습니다.
여행에서 견문을 쌓아 돌아왔습니다.
여행을 하면서 보거나 들어서 알게 된 것을 견문이라고 해요.
여행에서 느끼고 생각한 감상을 기행문으로 써 보았습니다.
견문에 대한 생각이나 느낌을 감상이라고 해요.
여행을 통해 얻은 견문과 감상을 쓴 글을 기행문 이라고 해요.
박물관을 다녀와서 견학 기록문을 썼습니다.
어떤 장소를 견학하고 알게 된 것을 중심으로 쓴 글을 견학 기록문 이라고 해요.",1
"관련 있는 것끼리 짝지어 보세요.
견문에 대한 생각이나 느낌 기행문
여행을 하면서 보거나 알게 된 것 견문
여행을 통해 얻은 견문과 감상을 쓴 글 견학 기록문
어떤 장소를 견학하고 알게 된 것을 중심으로 쓴 글 감상",-1
"괄호 속의 두 낱말 중 적절한 것을 선택해서 문장을 완성해 보세요.
여행을 통해 견문, 기행문을 넓혀서 돌아 왔습니다.
여행하면서 생각하고 느낀 감상, 견학 기록문을 일기에 써 보았습니다.",1
견학을 가 본 적이 있어요 어디로 누구와 갔어요 거기서 보고 알게 된 것은 무엇인가요,1
"다음을 읽어 보세요.
과거와 관련된 시간 표현은 지난 어제 전에 등과 했습니다와 같은 것들이 있습니다. 현재와 관련된 시간 표현은 지금 오늘 등과 합니다와 같은 것들이 있습니다.
미래와 관련된 시간 표현은 나중에 내일 등과 할 것입니다와 같은 것들이 있습니다.
과거 지나간 일 현재 지금 일어나는 일 미래 나중에 일어날 일과
관련된 표현들을 시간 표현 이라고 해요
어른께는 높임말을 써야 합니다.
아버지께서’ 할머니께서는 높임말입니다.
어른들이 하는 행동을 말할 때는 합니다라고 하지 않고 하십니다라고 하는 것도 높임말입니다.
나보다 나이가 많은 사람을 높일 때 높임말을 써요.",0
"다음 문장에서 시간 표현을 바르게 밑줄 그은 문장을 골라 보세요.
강아지가 귀엽다.
내일 일은 내일 생각해라.
어제 친구에게 선물을 주었어요.
친구들에게 친절하게 말해 보자.",1
"다음 문장에서 시간 표현을 바르게 사용한 문장을 골라 보세요. 
어제 밥을 많이 먹을 것입니다.
예전에는 날씨가 흐릴 것입니다.
내일은 놀이 공원에 갈 것입니다.
지난 일요일에 제주도에 가는 중입니다.",0
"다음 문장에서 높임말을 바르게 사용한 문장을 골라 보세요.
아버지가 가족 여행을 가자고 하였습니다.
할아버지께서 신문을 읽으십니다.
어머니에게 선물을 주었습니다.
할머니가 밥을 먹습니다.",0
시간 표현을 사용하여 어제 한 일을 세 가지 써 보세요.,1
"다음을 읽어 보세요.
동생이 밥을 먹습니다. 나는 공부를 열심히 했습니다. 할머니께서 바느질을 하십니다.
위에서 밑줄 그은 부분과 같이 문장에서 누가 무엇이 를 나타내는 부분을 주어라고 해요. 꽃이 예쁘다. 나는 축구를 했습니다. 아버지 직업은 의사입니다.
위에서 밑줄 그은 부분과 같이 문장에서 어찌하다 어떠하다 무엇이다를
나타내는 부분을 서술어라고 해요.
귀여운 강아지를 보았습니다. 공부를 열심히 했습니다. 하늘이 무척 푸릅니다.
위에서 밑줄 그은 부분과 같이 문장에서 꾸며주는 일을 하는 것을
꾸며주는 말이라고 해요.",1
"굵게 밑줄 그은 부분이 주어 서술어 꾸며 주는 말 중에 무엇인지 바르게 짝지
어 보세요.
바다가 매우 넓습니다. 주어
구름이 뭉게뭉게 피어났습니다. 서술어
고양이가 생선을 맛있게 먹습니다. 꾸며 주는 말",0
"다음 문장에서 주어에 밑줄 그은 것을 골라 보세요.
복도가 좁아요. 오늘은 친구가 예뻐 보이네요.
숙제가 너무 쉽다. 친구들과 하루 내내 놀았습니다.",1
"다음 문장에서 서술어에 밑줄 그은 것을 골라 보세요.
바람이 세게 불어요. 저는 친구들을 돕고 싶습니다.
공부를 열심히 하자. 꽃이 예쁘게 피었습니다.",-1
"다음 문장에서 꾸며 주는 말을 찾아보세요.
비가 너무 많이 내립니다.",0
"다음을 읽어 보세요.
당신의 뜻에 찬성을 표합니다.
네 의견에 찬성이야.
찬성이라면 손을 들어 주십시오.
다른 사람의 의견이 맞다고 생각하거나 이를 표시하는 것을 찬성이라고 해요.
저는 그 의견에 반대입니다.
반대라면 그 이유를 말씀해 주세요.
네 의견에 반대라고 해서 너를 싫어한다는 것을 아니야.
다른 사람의 의견이 맞지 않다고 생각하거나 이를 표시하는 것을 반대라고 해요.
수학여행을 갈지 말지 토론을 했습니다.
학급회의 시간에 열띤 토론이 벌어졌습니다.
찬성과 반대로 나뉘어 토론을 하였습니다.
찬성과 반대로 나뉘어 주장과 근거를 내세워 의견을 펼치는 것을 토론이라고 해요.",-1
"관련 있는 설명과 낱말을 짝지어 보세요.
네 뜻과 같은 생각이야 찬성
우리 이 문제에 대해 찬성과 반대로
나누어 의견을 나누어 보자!
반대
네 뜻과 나는 다른 생각이야 토론",0
"다음 두 사진을 보고 다음 문장을 읽어 보세요.

팝콘처럼  톡톡  터지는  벚꽃

-  벚꽃이  피는  모습을  팝콘이  터지는  것에  비유하였습니다.

-  둥근  달을  공에  비유하였습니다.

-  ‘사과  같은  내  얼굴’은  비유적  표현입니다.

어떤 것을 직접 말하지 않고 비슷한 점이 있는 다른 것과 연결해 말하는 것을   비유라고 해요. 비유해서  표현하는  것을 비유적 표현 이라고  해요.",-1
"1. 다음 문장에서 ‘내 얼굴’을 무엇에 비유하였는지 쓰세요.

사과  같은  내  얼굴               (                           )",0
"2. 다음 중 비유적 표현이 아닌 것은 어느 것인가요? (     )

①  불같은  태양

②  어제  먹은  사과

③  꽃처럼  예쁜  엄마

④  푸른  하늘은  바다이다.",1
주변에 있는 물건 중 하나를 골라 비유적 표현으로 말해 보세요.,0
"다음 그림은 무엇인가요?

-  신문에는  여러  개의  신문  기사가  있습니다.

-  신문  기사를  읽으면  새로운  소식을  알  수  있습니다.

-  신문  기사에는  누가,  언제,  어디서,  무엇을,  어떻게,  왜
하였는지가  자세히  나와  있습니다.

어떤  사실이나  소식을  알리는  글을   신문 기사 라고  해요.",1
"1. 다음에서 설명하고 있는 것이 무엇인지 찾아 ○표 하세요.


어떤  사실이나  소식을
알리는  글이에요.

편지

신문  기사

일기

독서  감상문",0
"2. 다음 빈칸에 공통으로 들어갈 말을 쓰세요. (                  )

-                  를 읽으면 새로운 소식을 알 수 있습니다.

-                  에는 누가, 언제, 어디서, 무엇을, 어떻게, 왜 하였는지가 자세히

나와 있습니다.",1
오늘 신문에 나온 신문 기사를 3개 찾아보세요.,1
"다음의 낱말들은 무엇을 나타내는 말인가요?


고맙다

기쁘다

미안하다

-  감사하는  마음을  편지로  썼습니다.  편지는  마음을  표현하는  글입니다.

-  기쁜  마음을  일기에  썼습니다.  일기는  마음을  표현하는  글입니다.

-  친구에게  미안한  마음을  시로  썼습니다.  시는  마음을  표현하는  글입니다.

마음을  담아  쓰는  시,  편지,  일기와  같은  글을

마음을 표현하는 글 이라고  해요.",1
"1. 다음 글은 어떤 마음을 표현하는 글인지 찾아 연결하세요.


1) 민수에게.

민수야, 오늘 미술 시간에 준비물
빌려줘서 고마웠어. 나도 너에게

?

좋은 친구가 될게.

고마워.

201?년 4월 8일 현주가

2) 201?년 4월 8일 날씨: 맑음.

잃어버린 우산

오늘  우산을  버스에  두고  내렸다.   ?
효진이가 생일 선물로 사 준 우산을
말이다.  기분이  좋지  않아서  밥도
먹기가 싫었다.

?    ① 고마운 마음

?    ② 축하하는 마음

?    ③ 걱정하는 마음

?    ④ 속상한 마음",0
나의 마음을 표현하는 글에는 어떤 것이 있는지 그 종류를 써 보세요.,-1
"무엇을 하고 있는 그림인가요?

-  면담을  하기  전에는  면담할  사람과  미리  약속을  합니다.

-  면담을  할  때는  사람을  직접  만나서  질문을  합니다.

-  면담이  끝나면  면담한  내용을  잘  정리합니다.

직접  사람을  만나서  대화를  주고받으며  정보를  얻는  것을   면  담 이라고  해요.

면담을  하기  전,  면담을  하는  중,  면담을  한  후에  해야  할  일들과  순서가  있는데,
이것을   면담   절차 라고  해요.",-1
"1. 다음에서 민정이는 무엇을 하였는지 알맞은 것을 찾아 ○표 하세요.

상담

민정이는  요리사를  찾아가서  요리사가  되려면  어떻게

면담

하여야  하는지  물어보았습니다.                                     농담",0
"2. 다음에서 빈칸에 알맞은 말을 쓰세요.

면담을 하기 전, 면담을 하는 중, 면담을 한 후에 해야 할 일들과 순서를

라고 해요.",1
면담 하고 싶은 사람은 누구인지 말해 보세요. 무엇을 물어보고 싶나요?,-1
"다음 글은 무엇을 말하고 있나요?

가                                                                            나

-  광고는  생각을  알리고  다른  사람을  설득합니다.

-  우유를  알리고  팔기  위해서  광고를  합니다.

-  광고는  다른  사람에게  물건을  사도록  권장합니다.

생각이나  상품을  알리고  권장하는  것을   광고 라고  해요.

권장 은  다른  사람에게  어떤  행동을  하도록  권하는  것을  뜻해요.",0
"1. 위의 ??와 ??의 광고를 보고 무엇을 권장하고 있는지 알맞은 것을 연결하세요.


1) 광고 ??       ?



2) 광고 ??       ?

?    ㉠ 우유를 마시자.

?    ㉡ 우유는 나쁘다.

?    ㉢ 손을 깨끗이 씻자.

?    ㉣ 예방 주사를 맞자.",1
"텔레비전에 나오는 광고를 보고, 무엇을 권장하고 있는 것인지 말해 보세요.",-1
"다음의 만화를 읽어 보세요.

광고를  볼  때는  광고가  믿을  만한  것인지   신뢰성 을  따져  보아야  해요.  먼저,  광고에서

전하고자  하는  생각이  무엇인지  광고의    의도 를  파악하고,  사실보다  지나치게  좋게

과장 해서  말하지는  않았는지  살펴보아야  해요.",1
"1. 다음 광고의 의도는 무엇인가요? (     )

①  볼펜을  사라는  것

②  연필을  사라는  것

③  연필이  나쁘다는  것

④  볼펜이  나쁘다는  것",-1
"2. 다음에서 설명하는 것이 무엇인지 쓰세요.

남이  얼마나  믿을  만한  것인지를  나타내는  것이에요.",1
"3. 다음 빈칸에 알맞은 말을 연결해 보세요.


①              은   ②

?                          ?

것을   ③

?

것처럼  부풀려  말하는  것이에요.

?                          ?                              ?



작은                 과장                      큰",0
"내가 본 광고는 신뢰성이 있나요? 광고의 의도는 무엇인지, 과장된 내용은 없는지
말해 보세요.",0
"다음의 대화를 읽어 보세요.

엄마,  저  용돈  좀
올려주세요.

용돈을  올려달라고?

그럼,  왜  용돈을  올려야  되는지
엄마를  설득해  보렴.

-  나는  용돈을  올려  달라고  엄마를  설득하였습니다.

-  친구가  함께  놀자고  나를  설득합니다.

-  선생님이  학생들을  설득하였습니다.

설득 이란  다른  사람에게  잘  설명하고  이해시켜서
자신의  의견에  따르도록  하는  것이에요.",-1
"1. 다음 중 ‘설득’에 대한 설명으로 알맞지 않은 것은 어느 것인가요? (      )

①  다른  사람에게  잘  설명하는  것이에요.

②  다른  사람을  잘  이해시키는  것이에요.

③  다른  사람의  의견을  무시하는  것이에요.

④  다른  사람이  내  의견에  따르도록  하는  것이에요.",0
"2. 다음 문장을 읽고 빈칸에 알맞은 말을 쓰세요.

광고에서  물을  아껴쓰자고  우리를              합니다.",-1
부모님께 용돈을 올려 달라고 설득하려면 어떻게 말해야 할까요?,-1
"다음의 낱말을 읽어 보세요. 같은 색 카드의 낱말은 어떤 공통점?? 있을까요?


하늘                학교

바다                친구

라디오
아파트

-  우리말  낱말에는  고유어,  한자어,  외래어가  있습니다.

-  ‘하늘’과  ‘바다’는  고유어입니다.

-  ‘학교(學校)’와  ‘친구(親舊)’는  한자어입니다.

-  ‘라디오(radio)’와  ‘아파트(apartment)’는  외래어입니다.

고유어 는  우리말에  원래부터  있던  낱말이에요.

한자어 는  중국의  한자를  바탕으로  만들어진  낱말이에요.

외래어 는  다른  나라의  말이  들어와서  우리말처럼  쓰이는  낱말이에요.",0
"1. 다음 내용에 알맞게 선으로 연결하세요.


‘학교’와 ‘친구’처럼 중국의 한자어를 바탕으로

1)

만들어진 낱말이에요.

?                                 ?     ㉠  고유어


‘라디오’와 ‘아파트’처럼 다른 나라의 말이

2)

들어와서 우리말처럼 쓰이는 낱말이에요.

?                                 ?     ㉡  한자어


‘하늘’과 ‘바다’처럼 우리말에 원래부터 있던

3)

낱말이에요.

?                                 ?     ㉢  외래어",-1
"‘지우개’, ‘공책’, ‘볼펜’은 각각 고유어, 한자어, 외래어 중에 어떤 낱말일까요?",-1
"다음 그림의 이야기를 알고 있나요? 주인공은 누구인가요?

-  이  이야기의  인물은  백설공주와  일곱
난쟁이입니다.

-  이  이야기의  배경은  숲  속입니다.

-  위  그림의  사건은  일곱  난쟁이들이  백설공주를
반겨주는  것입니다.

-  인물,  사건,  배경을  이야기의  구성  요소라고
합니다.

이야기  속의  주인공을  인물이라고  해요.  그리고  인물들에게  일어난  일들을  사건이라고  해요.
사건이  일어난  때와  장소를   배경 이라고  하지요.

인물,  사건,  배경이  모두  있어야  이야기가  완성되어요.
그래서  이것을   이야기의 구성 요소 라고  해요.",1
"1. 다음 중 이야기의 구성 요소를 찾아 모두 ?표 하세요.


사건             인물

읽는  이           배경

지은이",1
"2. 다음 낱말 중 배경을 알 수 있는 것을 찾아 ○표 하세요.

낮            백설공주          왕자            숲  속       일곱 난쟁이",0
"
내가 좋아하는 이야기 중에 한 가지를 골라 이야기의 구성 요소를 살펴보세요.",1
"다음 그림에서 학생은 무엇을 하고 있나요?

-  도서관에서  읽을거리를  찾아  읽었습니다.

-  주제에  따라  필요한  읽을거리가  다릅니다.

-  이  잡지에는  재미있는  읽을거리가  많습니다.


읽을거리 는  읽을  만한  글이나  책을  뜻하는  말이에요.",1
"1. 다음 빈칸에 들어갈 말로 알맞은 것을 모두 찾아 ?표 하세요.

읽을거리란  읽을  만한        이나        을  뜻하는  말이에요.

공책                눈                글                물",-1
"2. 다음 빈칸에 들어갈 말을 쓰세요.

나는  도서관에서                         를  찾아  읽었습니다.",0
"3. 다음 빈칸에 공통으로 들어갈 말을 쓰세요.

읽을  만한  글이나  책은  ‘읽을             ’,

구경할  만한  것은  ‘볼             ’, 먹을  것은  ‘먹을             ’",1
우리나라의 역사에 대해 알아보려면 어떤 읽을거리를 찾으면 될까요?,-1
"무엇을 하는 데 필요한 물건들일까요?

소리를  기록하는  것을   녹음 이라고  해요.",1
"1. 다음 빈칸에 알맞은 낱말은 무엇일까요? (                        )

? 같은 소리를 여러 번             했습니다.

? 동물 소리를             했습니다.

? 테이프를 넣어             을 했습니다.

?             이 잘되어 소리가 선명하게 들렸습니다.


? 휴대용 기로 면담한 내용을 모두

할 수 있었습니다.",-1
녹음을 하기 위해서는 무엇이 필요할까요?,1
"다음 낱말들과 관련이 깊은 낱말은 무엇일까요?

분별력         판단력            눈

-  내  친구는  물건을  고르는  안목이  뛰어납니다.

-  도자기에  대한  어머니의  깊은  안목이  놀라웠습니다.

-  이  문제를  해결하기  위해서는  장기적인  안목이  필요합니다.

사물을  보고  분별하는  능력을   안목 이라고  해요.",-1
"1. 빈칸에 공통으로 들어갈 낱말을 쓰세요. (                        )

? 이번 단원을 공부하면서 예술에 대한             을 높일 수 있었습니다.

? 내 친구는 그림을 보는             이 매우 뛰어납니다.

? 눈앞의 이익만 보지 말고 장기적인             으로 판단해야 합니다.",-1
"내가 잘할 수 있는 일을 생각하며 (      ) 안에 알맞은 말을 넣어 문장을 말해 보세요.

“나는 (           )에 대한 뛰어난 안목을 가지고 있어요.”",1
"무엇에 대한 내용인지 생각하며 다음 글을 읽어 보세요.


저는  음식을  먹을  때  먹을  만큼만  받고  남기지   주장

말아야  한다고  생각합니다.

요즈음  점심시간에  우리  반에서  발생하는  음식물
쓰레기의  양이  많아지고  있습니다.  음식물  쓰레기
가  많아지면  여러  가지  문제가  발생합니다.

첫째,  음식물  쓰레기는  환경을  더럽힙니다.  둘째,
음식물  쓰레기를  처리하는  데에  많은  돈이  듭니다.

논설문

어떤  문제에  대한  자신의  생각을   주장 이라고  하고,

주장을  뒷받침하는  내용을   근거  라고  해요.

논설문 은  어떤  문제에  대해  자신의  주장과  근거를  내세우는  글을  말해요.",0
"1. 다음 내용에 알맞게 선으로 연결하세요.

1)       어떤  문제에  대한  자신의  생각     ?                                     ?   
   ㉠  근거

2)       자신의  생각을  뒷받침하는  내용    ?                                     ?     
 ㉡  주장",1
"2. 다음에서 설명하는 것이 무엇인지 찾아 ?표 하세요.

어떤  문제에  대해  자신의  주장과  근거를  내세우는  글입니다.


광고             일기

편지            설명문

논설문",-1
“고운 말을 사용하자.”라는 주장에 대해 알맞은 근거를 한 가지만 말해 보세요.,1
"다음의 대화를 읽어 보세요.

-  논설문은  서론,  본론,  결론으로  짜여  있습니다.

-  논설문의  서론에서는  글쓴이의  주장을  밝힙니다.

-  논설문의  본론에서는  글쓴이의  주장에  대한  근거를  씁니다.

-  논설문의  결론에서는  글의  내용을  요약하고  주장을  다시  한  번  강조합니다.

-  글을  잘  쓰려면  글에  꼭  필요한  내용만  뽑아서  개요를  씁니다.


논설문의  처음  부분을

서론 ,  가운데  부분을

본론 ,  끝  부분을

결론 이라고  해요.

글을  쓸  때  글의  처음,  가운데,  끝  부분에  무엇을  쓸지  중요한  것만  간단히  뽑아낸  것을

개요 라고  해요.",1
"1. 다음 내용에 알맞게 선으로 연결하세요.

1)        서론      ?                                                                     
?  ㉠  끝

2)        본론      ?                                                                     
?  ㉡  처음

3)        결론      ?                                                                     
?  ㉢  가운데",0
"2. 다음에서 설명하는 것이 무엇인지 찾아 ?표 하세요.

글을  쓸  때  글의  처음,  가운데,  끝  부분에  무엇을  쓸지  중요한  것만  간단히  뽑아낸  것

본론              결론              서론              개요              주장",1
논설문은 어떻게 짜여 있나요? 개요에는 어떤 내용이 들어가나요?,1
"1. 다음에서 설명하는 것을 찾아 ?표 하세요.

자신이  쓴  글을  다시  읽고  어색한
부분을  찾아  고치는  것

편지쓰기         개요쓰기

고쳐쓰기         일기쓰기",0
"2. 다음 빈칸에 공통으로 들어갈 말을 쓰세요. (                        )

- 글을 쓰고 난 후에는                       를 합니다.

-                       를 하면 글이 더 좋아집니다.",1
고쳐쓰기를 해 본 경험이 있나요? 고쳐쓰기를 할 때에는 무엇을 고쳐야 할까요?,0
"다음의 대화를 읽어 보세요.

-  나는  친구와  마음을  공유합니다.

-  모둠의  친구들과  이야기를  나누며  생각을  공유합니다.

-  인터넷이  발달하여  많은  사람들이  정보를  공유합니다.

다른  사람과  어떤  것을  함께  가지고  나누는  것을   공유 라고  해요.",1
"1. 다음에서 설명하는 것이 무엇인지 쓰세요.

다른  사람과  어떤  것을  함께  가지고  나누는  것",0
"2. 다음의 내용에서 공통적으로 알 수 있는 말에 ?표 하세요.

- 내가 쓴 글을 친구들과 함께 읽었습니다.

- 친구들과 이야기를 하며 생각을 나누었습니다.

공격             공유             공원",-1
친구와 공유하고 싶은 이야기를 한 가지 말해 보세요.,1
"다음을 보고, 무엇을 하고 있는지 말해 보세요.

-  우리  가족은  매일  저녁마다  텔레비전  뉴스를  봅니다.

-  뉴스를  보면  우리  주변의  새로운  소식을  보고  들을  수
있습니다.

-  우리가  날마다  접하는  뉴스에는  뉴스를  만드는  사람의
관점이  반영되어  있습니다.

뉴스 는  새  소식을  전해  주는  방송  프로그램이에요.",-1
"1. 다음을 보고 뉴스를 보거나 듣고 있는 사람이 아닌 것을 고르세요.   (        )

①                                 ②                                 ③",-1
"2. 다음 빈칸에 알맞은 말을 쓰세요.


1)  우리  주변의  소식을  알려면  텔레비전

들어요.

2)  태풍  때문에  전국적으로  피해가  크다는  소식을

를  보거나  라디오               를

를  통해  알았어요.

3)                   를  보면  세상이  어떻게  돌아가는지  알  수  있어요.  또한  그것을  만든

사람이  어떤  의도로  전달하고  있는지도  알  수  있어요.",1
텔레비전 뉴스를 본 경험을 말해 보세요. 어떤 내용의 텔레비전 뉴스를 봤나요?,0
"다음을 보고 무엇을 하고 있는지 말해 보세요.

-  시는  연과  행으로  이루어져  있습니다.

-  시에서  반복되는  말을  생각하며  시를  낭송해  봅시다.

-  시를 읽으면서  떠오르는 장면이나 느낌을  친구들과 이야기하면,  내가 몰랐던 다양한  생각을
알  수  있습니다.

-  시에는  한  대상을  다른  대상에  빗대어  표현하는  비유적  표현이  있습니다.

시 는  글쓴이의  생각이나  감정을  함축적인  언어로  표현한  글이에요.
‘함축적’은  말이나  글  속에  어떤  뜻을  담고  있다는  뜻이에요.",-1
"물새는
물새라서  바닷가

모래밭에
알을  낳는다.

보얗게  하얀  물새알.

…
물새알은

간간하고  짭조름한
미역  냄새.
바람  냄새.

1. 다음을 읽고, 알맞은 말에 ○표 하세요.

1)  이  시는  (   연과  행  /   문장과  문단  )으로  이루어져
있습니다.

2)  이  시에는  반복되는  말이  (  있습니다  /  없습니다  ).

3)  이  시를  읽으면  (  숲  속  나무가  /  바닷가  모래밭이  )

떠오릅니다.

4)  이  시는  (  하얀색  /  빨간색  ),  (  단  맛  /  짠  맛  )과
잘  어울립니다.",1
"‘어휘 연습’  1번의 시에서 반복되는 부분이 어디인지 말해
보세요.",-1
"다음을 보고 무엇을 읽고 있는지 말해 보세요.

-  동화는  어린이를  대상으로  지은  이야기입니다.

-  동화에는  여러  인물이  나와서,  각  인물이  겪고  있는  갈등을  이해하는  것이  중요합니다.

-  동화를  읽으면서  어떤  일이  일어나고  있는지  사건을  파악해야  합니다.

어린이를  대상으로  하는  동화 는  글쓴이가  있음직한  이야기를

상상하여  글로  쓴  문학  작품이에요.",-1
"1. 다음에서 어느 것이 동화인지 고르세요.


㉠
물새는

물새라서  바닷가  모래밭에
알을  낳는다.

보얗게  하얀  물새알.

㉡

왕자는  몸이  아픈  아이가  너무  불쌍해서
눈물을   흘렸습니다.    그래서   그   아이를
도와주기로  했습니다.  아이에게  귀한  구슬을
선물하기로  한  것입니다.",1
"2. 다음을 읽고 알맞은 말에 ○표 하세요.

1)  동화는  (  진짜  있었던  /  있을  법한  )  이야기입니다.

2)  동화에는  (  인물,  사건,  배경  /  해설,  대사,  지문  )이  있습니다.",-1
동화를 읽을 때에는 세 가지를 파악해야 해요. 그 세 가지는 무엇인지 말해 보세요.,-1
"다음을 보고 무슨 장면인지 말해 보세요.

왕자님

왜  울고  있어요?

제비야  나는
행복한  왕자야.

-  희곡이  있어야  배우들이  무대에서  연극을  할  수  있습니다.

-  희곡을  보면  인물이  하는  말과  행동을  알  수  있습니다.

-  희곡은  이야기가  해설,  대사,  지문으로  되어  있습니다.  해설을  통하여  시간적  배경과
공간적  배경을  알  수  있습니다.  대사는  인물이  직접  하는  말이고,  지문은  괄호  안에  써서
인물의  행동이나  표정을  나타내는  부분입니다.

희곡 은  연극을  하기  위하여  대사를  중심으로  하여  쓴  문학  작품이에요.",0
"1. 다음은 보고 알맞은 말에 ○표 하세요.

1)  연극을  위해  쓴  글은  (  동화  /  희곡  )입니다.

2)  해설,  대사,  지문이  있는  것은  (  동화  /  희곡  )입니다.",-1
"2. 다음을 보고 서로 어울리는 것을 연결하세요.

1)      해설      ?                            ?    ㉠ 인물이 직접 하는 말

2)      대사      ?                            ?    ㉡ 인물의 행동이나 표정을 나타내는 부분

3)      지문      ?                            ?    ㉢ 때, 곳, 나오는 인물, 무대를 설명하는 
부분",0
"희곡을 연극으로 공연한다면, 배우들은 해설, 대사, 지문 가운데에서 어느 부분을
소리 내어 읽어야 할까요?",-1
"다음 인물들은 서로 무슨 생각을 하고 있는지 말해 보세요.

갈등 은  서로  생각이  달라서  부딪히거나,  마음속에서  어떻게  할지  몰라  괴로워하는  거예요.

이야기에는  서로  다른  인물  사이의  갈등이나  인물  혼자  하는  갈등이  드러나  있어요.",1
"1. 다음을 읽고 빈칸에 알맞은 말을 쓰세요.

이야기 속 인물들은 어떤 결정을 하기 전에 어떻게 해야 할지 몰라 마음속에 많은

㉠               을  겪습니다.  그리고  서로  생각이  다른  인물들  사이에   ㉡               이

생기기도  합니다.  이야기의  흐름을  알고  싶다면  인물들에게    ㉢                 이  왜
생기고 어떻게 해결되었는지 알아야 합니다.",-1
"2. 다음에서 갈등?? 나타난 부분을 찾아 ○표 하세요.


㉠ 산속에 눈보라가 몰아칩니다.
나그네와 남자는 길을

→

잃었습니다.

㉡ 그때 눈 속에 쓰러져 있는
노인을 보았습니다. 노인은

→

정신을 차리지 못하고

있었습니다.

㉢ 나그네는 노인을 도와주자고
했고, 남자는 혼자 가겠다고
했습니다.",-1
"여러분이라면 노인을 도와 함께 산을 내려갈 건가요? 아니면 혼자 산을 내려갈
건가요? 그 이유도 함께 적어봅시다.",0
"다음을 읽고, 설명 방법에는 무엇이 있는지 이야기해 보세요.

-  어떤  대상을  설명하는  발표를  할  때에는  내용을  쉽게  알  수  있는  설명  방법을  사용하여야
합니다.


대상을

설명 하는

방법 에는  분석,  분류,  비교와  대조  등이  있어요.

-  자동차의  구조를  설명하려고  할  때는  분석의  방법으로  설명합니다.

-  자동차의  종류를  설명할  때는  분류의  설명  방법을  선택합니다.

-  자동차와  자전거의  공통점과 차이점을  말하고  싶다면 비교와  대조의  방법으로 설명합니다.

분석 은  전체를  여러  부분이나  요소로  나누어  설명하는  방법이에요.

분류 는  일정한  기준에  따라  같은  것끼리  묶어서  설명하는  방법이에요.

비교 와    대조 는  두  대상의  비슷한  점이나  다른  점을  견주어  설명하는  방법이에요.",1
"1. 다음을 보고 알맞은 것을 연결해 보세요.

㉠ 두 대상을 견주어서

① 곤충은 머리, 가슴, 배의


1)     분석

2)     분류
비교와

3)     대조

?        ?             비슷한 점이나 다른

점을 설명합니다.

?        ?      ㉡ 전체를 부분으로

나누어 설명합니다.

㉢ 어느 기준에 따라

?        ?             나누거나 묶어서
설명합니다.

?        ?            세 부분으로 이루어져

있습니다.

② 개와 고양이는 사람과 친한

?        ?            동물입니다. 개는 주로 낮에

활동하지만, 고양이는 주로
밤에 활동합니다.

?        ?     ③ 문학은 시, 소설, 희곡,

수필로 나뉩니다.",0
자전거와 오토바이를 비교와 대조의 방법으로 설명해 보세요.,-1
"사람들이 무엇을 하고 있나요?

-  사람들이  발표를  듣고  있습니다.

-  발표회장에는  사회자,  발표자,  청중이  함께  있습니다.

모임이나  식에서  진행을  맡아보는  사람을   사회자 라고  합니다.

사람들  앞에서  어떤  내용에  대해  말하는  사람을   발표자 라고  합니다.

발표나  음악  등을  듣기  위하여  모인  사람들을   청중 이라고  합니다.",-1
"1. 알맞은 것끼리 이어 보세요.


1)       사회자

?               ?   ㉠ 발표를 듣기 위해 모인 사람들


2)       발표자

?               ?   ㉡ 진행을 맡아보는 사람


3)         청중

?               ?   ㉢ 어떤 내용에 대해 말하는 사람",0
"위 그림에서 사회자, 발표자, 청중을 찾아보세요.",1
"다음을 보고 ‘식은 죽 먹기’라는 말의 뜻이 무엇인지 이야기해 보세요.

-  ‘식은 죽 먹기’는 옛날부터 사람들 사이에서 전해져 오는 교훈이 담긴 짧은 말로 ‘매우 쉬운
일’을  말할  때  사용하는  속담입니다.

-  ‘비행기  태운다’는  관용어는  ‘남을  지나치게  칭찬한다’는  뜻입니다.  오랫동안  습관적으로
자주  쓰이면서  요즘에도  자주  사용하는  말입니다.

-  관용어와  속담은  요즘에도  사람들이  자주  사용하는  관용  표현입니다.


관용 표현 은  원래의  뜻과는  다르게  새로운  뜻으로  굳어져

자주  쓰는  표현이에요.  관용어와  속담이  있어요.",0
"다음을 보고 ‘식은 죽 먹기’라는 말의 뜻?? 무엇인지 ??야기해 보세요.

-  ‘식은 죽 먹기’는 옛날부터 사람들 사이에서 전해져 오는 교훈이 담긴 짧은 말로 ‘매우 쉬운
일’을  말할  때  사용하는  속담입니다.

-  ‘비행기  태운다’는  관용어는  ‘남을  지나치게  칭찬한다’는  뜻입니다.  오랫동안  습관적으로
자주  쓰이면서  요즘에도  자주  사용하는  말입니다.

-  관용어와  속담은  요즘에도  사람들이  자주  사용하는  관용  표현입니다.


관  용    표

현 은  원래의  뜻과는  다르게  새로운  뜻으로  굳어져

자주  쓰는  표현이에요.  관용어와  속담이  있어요.",0
"2. 다음에 나온 관용 표현의 뜻을 찾아 연결해 보세요.

1)    발이 넓다.                          ?                      ?    ㉠ 사귀어 아는 
사람이 많다.

2)    발 벗고 나서다.                   ?                      ?    ㉡ 쉬운 일이라도 서로 
도우면 쉽다.

3)    백지장도 맞들면 낫다.          ?                      ?    ㉢ 원인이 없으면 결과가 있을 수 
없다.

4)    아니 땐 굴뚝에 연기 날까.    ?                      ?    ㉣ 어떤 일에 적극적으로 열심히 나서다.",1
"‘우리 엄마는 손이 커서 음식을 많이 만들어요.’에서 관용 표현에 ○ 표해 보세요.

그리고 무슨 뜻인지 적어 보세요.",-1
"다음을 보고 무엇을 하고 있는지 말해 보세요.

-  연설문은  여러  사람  앞에서  자기의  생각이나
주장을  발표하기  위한  글입니다.

-  수업 시간에 발표하기  위해서 연설문을 쓰고  미리
연습했습니다.

-  연설문은 듣는이를 설득하기 위하여 자신의 주장을
뒷받침하는  적절한  근거를  제시해야  합니다.


연설문

은  연설할  내용을  적은  글이에요.

‘연설’은  여러  사람  앞에서  자신의  생각이나  주장을  발표하는  거예요.",1
"1. 다음을 보고 빈칸에 알맞은 말을 쓰세요.

연설은  우리  주변에서  많이  들을  수  있어요.  월요일마다  교장  선생님께서  하시는
훈화  말씀도  연설이고,  우리  이모  결혼식에서  주례  선생님이  하신  말씀도  연설입

니다.  이렇게  여러  사람한테  연설을  하려면  무슨  말을  할지  미리                  을
써야 합니다.",1
"2. 다음에서 연설문을 모두 찾아 ○ 표 하세요.


① 여러분,  요즘 날씨가 추워
져서 감기에 걸린 친구들이
많습니다. 공기가 차가우니
교실 문을 꼭 닫고 다닙시다.

② 여러분,    판소리를   들어
보셨어요? 서양에 오페라가
있다면 우리에게는 판소리가
있습니다. 판소리는 소리꾼이
노래와 말, 몸짓으로 공연
합니다.

③ 제가 학생회 회장이 된다면,
급식에 여러분이 좋아하는
반찬을  꼭  넣도록  하겠습
니다.",-1
우리 주변에서 들을 수 있는 연설에는 무엇이 있을까요? 그 연설문의 내용은 어떠한가요?,1
"다음을 보고 친구들?? 무엇을 하고 있는지 말해 보세요.

-  주장이  올바른지  따져  보는  것이  주장의  타당성을  판단하는  것입니다.

-  주장의  타당성을  판단하려면  주장이  중요한  내용인지,  실천할  수  있는  것인지,  근거가
적절한지  하나씩  생각해  봐야  합니다.

-  주장의  타당성을  판단하면  연설하는  사람이  하는  주장이  올바른지  따져  볼  수  있습니다.

연설을  들을  때에는  주장이  옳은지  옳지  않은지

주장의    타당성 을  생각해  봐야  해요.",1
"1. 다음을 읽고 빈칸에 알맞은 말을 쓰세요.

을  따진다는  것은  올바른  성질인지  아닌지를  따진다는  말입니다.  연설

하는 사람이 올바른 주장을 하고 있는지 주장의                 을 판단해야 합니다.",0
"2. 다음은 주장의 타당성을 판단하는 방법입니다. 맞는 것에 ○표 하세요.

1)  먼저  말하는 사람의  주장이  가치  있고  (  중요한  /  재미있는  )  주장인지  생각합니다.

2)  그리고  (  보고  들을  수  있는  /  실천할   수  있는  )  주장인지  판단합니다.

3)  마지막으로  주장에  대한  (  근거가  적절한지  /  목소리  크기가  큰지  )  따져  봅니다.",-1
"‘학교에 스마트폰을 가져오지 말아야 합니다. 왜냐하면 공부를 하는 데에 도움이 되지
않기 때문입니다.’라는 주장의 타당성을 판단해 보세요.",1
"다음은 무엇인지 말해 보세요.

-  어느  초등학교의  마지막  졸업식에  대한  기사문을  읽고  눈물이  났습니다.

-  학교  신문에서  다양한  내용의  기사문을  읽을  수  있습니다.

-  기사문에  사진,  그림,  도표  등을  넣으면  내용을  좀  더  쉽고  생생하게  다른  사람들에게
전달할  수  있습니다.


기사문

은  보고  들은  사실이나  정보를  전하는  글이에요.",0
"1. 다음을 읽고 맞는 것에 ○ 표, 틀린 것에 × 표 하세요.

1)  기사문은  책을  읽고  생각이나  느낌을  쓴  글입니다.  (            )

2)  신문을  보면  기사문을  읽을  수  있습니다.  (            )

3)  기사문에는  상상한  내용을  써야  합니다.  (            )

4)  기사문은  보고  들은  것을  다른  사람에게  전하기  위해  쓴  글입니다.  (            )",0
"2. 다음을 보고, 기사문을 어디에서 읽을 수 있는지 ○표 하세요.


①  신문

②  사전

③  인터넷",0
"오늘 하루 있었던 일 중에서 중요한 사건 하나를 기사문으로 쓴다면 어떻게 쓸지 말해
보세요.",1
"다음을 보고 친구들이 무슨 이야기를 하는지 말해 보세요.

-  기사문은  육하원칙에  따라  써야  합니다.

-  육하원칙에  따라  글을  쓰면  일어난  일을  자세히  쓸  수  있습니다.

-  기사문을  쓸  때  육하원칙을  지키지  않으면  기사문이  갖추어야  할  조건을  생각하지  않은
것입니다.


육하원칙 은  기사문을  쓸  때  지켜야  하는

‘누가,  언제,  어디에서,  무엇을,  어떻게  왜’의  여섯  가지  원칙이에요.",1
"1. 다음 빈칸에 육하원칙을 쓰세요.

누가        ?? ㉠                ?? ㉡                ?? ㉢             
   ?? ㉣                ?? ㉤",1
"2. 다음을 보고 서로 어울리는 것을 연결하세요.

1)   누가              ?                                              ?    ㉠ 
학교 앞 골목에서

2)   언제              ?                                              ?    ㉡ 
가슴에 안고 집으로 데려왔어요.

3)   어디에서        ?                                              ?    ㉢ 우리 반 
친구 민수가

4)   무엇을           ?                                              ?    ㉣ 길을 
잃은 강아지를

5)   어떻게           ?                                              ?    ? 
불쌍해 보여서 보살펴 주려고요.

6)   왜                 ?                                              ?    
㉥ 어제 오후 한 시쯤",1
여러분은 지금 무엇을 하고 있는지 육하원칙에 따라 말해 보세요.,1
"다음 그림을 보고, 어떤 내용인지 말해 보세요.


유민이는  사과를
좋아합니다.

승규는  수박을
좋아합니다.

-  유민이는  사과를  좋아합니다.  그리고  승규는
수박을  좋아합니다.

-  유민이는  사과를  좋아하고  승규는  수박을
좋아합니다.


지수는  국어를
잘합니다.

지수는  수학을
잘  못합니다.

-  지수는  국어를  잘합니다.  그러나  수학은
못합니다.

-  지수는  국어를  잘하나  수학은  잘  못합니다.

-  늦잠을  잤습니다.  그래서  지각을  했습니다.

-  늦잠을  자서  지각을  했습니다.

늦잠을  잤습니다.          지각을  했습니다.


이어 주는 말 은  문장의  내용을  이어  주는  말이에요.

‘그리고,  그러나,  그래서’와  같은  낱말,

다른  낱말에  붙는  ‘-고,  -(으)나,  -어서’  등이  있어요.",1
"1. 다음을 보고 서로 어울리는 것을 연결하세요.


1)   그리고

?                                     ?    ㉠ 두 문장의 내용이 원인과 결과일 때 사용해요.


2)   그러나

?                                     ?    ㉡ 두 문장의 내용이 서로 반대될 때 사용해요.


3)   그래서

?                                     ?    ㉢ 두 문장의 내용이 서로 비슷할 때 사용해요.",1
"2. 다음 문장의 내용을 생각하면서 빈칸에 알맞은 말을 쓰세요.

1)  유민이는  사과를  좋아합니다.                        승규는  수박을  좋아합니다.

2)  지수는  국어를  잘합니다.                        수학은  못합니다.

3)  늦잠을  잤습니다.                        지각을  했습니다.",-1
"3. 다음 문장의 내용을 생각하면서 빈칸에 알맞은 말을 쓰세요.

1)  늦잠을  자               지각을  했습니다.

2)  지수는  국어를  잘하               수학은  못합니다.

3)  유민이는  사과를  좋아하               승규는  수박을  좋아합니다.",1
"4. 다음 문장의 내용을 생각하며 빈칸에 알맞은 말을 <보기>에서 찾아 쓰세요.

1)  이  가방은  참  예뻐요.                     너무  비싸서  살  수가  없어요.

<보기>              그리고                           그러나                      그래서

2)  운동화가  너무                 신을  수  없어요.

<보기>              작고                           작으나                         작아서",0
여러분이 지금 무엇을 하고 있는지 이어 주는 말을 사용하여 말해 보세요.,0
"다음을 보고 무엇을 하고 있는지 말해 보세요.

-  기자들은  사람들에게  알리고자  하는  내용을  취재합니다.

-  기자는  텔레비전이나  신문을  통해  뉴스를  보도합니다.

-  텔레비전에서  기자가  취재한  뉴스를  보도하고  있습니다.

-  요즘  학교  주변의  군것질  실태로  취재  계획을  세워서  보도를  하려고  합니다.

취재 는  뉴스를  전하기  위해  필요한  자료를  조사하여  얻는  것을  말해요.

보도 는  신문이나  방송을  통해  여러  사람에게  새로운  소식을  알리는  것을  말해요.",0
"1. 다음은 지효가 동네 맛집을 소개하는 뉴스를 만든 과정입니다. ‘취재’와 ‘보도’

중에서 빈칸에 알맞은 말을 쓰세요.


어떤 내용을   ㉠            할지 회의를

해요. 동네 맛집으로 학교 앞
떡볶이집을 소개하기로 했습니다.

㉢            한 내용을 효과적으로

??

알리기 위해 기사를 쓰고 영상을

만들었습니다.

알리고자 하는 내용을

㉡            해요. 떡볶이집

??                                                                              
??

주인아저씨께 맛있는 떡볶이를 만드는
비결을 물어봤습니다.

친구들에게 동네 맛집에 대해

??                  전하려고 하는 내용을

㉣            했습니다.",1
여러분이 취재하고 싶은 것이 있다면 무엇인지 말해 보세요.,-1
"다음을 보고 무엇을 하고 있는지 말해 보세요.

-  오늘  본  연극은  정말  감동적이었습니다.

-  연극  공연장에  관객이  매우  많았습니다.

-  연극에서  배우가  하는  말이나  장면의  설명을  적어  놓은  글이  대본입니다.

연극 은  대본에  따라  배우가  무대  위에서  공연을  하는  거예요.",1
"1. 다음을 보고 서로 어울리는 것을 연결하세요.

1)                                                                           2)

?   ㉠  연극    ?

?                                                  ?

?   ㉡  희곡    ?",1
"2. 다음 빈칸에 알맞은 말을 쓰세요.

1)  희곡은               의  대본입니다.

2)                   을  하는  배우를  연극배우라고  합니다.

3)                   을  보러  가면  무대  위에는  배우가  있고,  무대  앞에는  관객들이
앉아  있습니다.

어휘 정리

연극을 할 때 꼭 필요한 것은 무엇일지 모두 말해 보세요.",0
