grade,num,subject,question
C,1,국어,"아래의 문장을 크게 읽어 보세요.
작품은 창작 활동으로 만든 결과물로 그림, 영화, 소설과 같이 다양한 형태입니다.
그림, 영화, 소설에는 등장인물이 있습니다.
작품에는 등장인물이 대부분 있습니다.
작품은 창작 활동으로 만든 결과물이에요.
작품에 나타나는 인물을 등장인물 이라고 해요."
C,2,국어,"다음 그림을 보고, 이 남자가 무슨 생각을 하고 있을지 적어 보세요.
돈이 많아서
너무 좋군
인물의 말과 행동을 통해서 인물의 생각을 짐작할 수 있어요."
C,3,국어,"다음 인물의 말을 읽고 생각을 짐작해 보세요.
흥부의 말 놀부 형님께 밥을 얻으러 갔다 오겠소.
흥부의 생각
엄마의 말 오늘 학교에서 성적표 나오는 날이지
엄마의 생각"
C,4,국어,다음의 말로 짐작할 수 있는 것은 무엇인가요 난 친구가 많아서 행복해요 엄마가 너무 힘들어 보여요.
C,5,국어,"다음 글을 순서대로 읽어 보세요.
개미는 부지런하고 베짱이는 놀기 좋아합니다.
봄 여름 가을 동안 개미는 열심히 일을 해서 곡식을 쌓아 두었습니다.
베짱이는 일을 하지 않고 놀기만 했습니다.
추운 겨울날 베짱이는 곡식이 없어서 개미를 찾아갑니다.
위의 글을 순서대로 읽으면 이야기의 흐름을 알 수 있어요."
C,6,국어,"다음 안에 알맞은 낱말을 써 보세요.
일정한 방향으로 진행되는 현상을 이라고 해요. 친구가 대화 중에 엉뚱한 이야기를 한다면 대화의 깨진다고 해요."
C,7,국어,"다음 안에 알맞은 낱말을 써 보세요.
흐름을 생각하면서 글을 읽는 것이 좋아요.
이야기의 생각하면 인물의 생각을 잘 알 수 있어요.
흐름을 알면 이야기를 잘 정리할 수 있어요."
C,8,국어,이야기가 일정한 방향으로 진행되는 것을 무엇이라고 하나요?
C,9,국어,"다음 예문을 큰 소리로 읽어 보세요.
문제를 해결하기 위해 함께 의논하는 것을 토의라고 합니다.
절차는 어떤 일을 하기 위한 순서입니다.
토의를 하기 위한 절차는 토의 주제를 선정하기 자신의 의견 마련하기 다른 사람과
의견 나누기 가장 좋은 해결방법 선택하기 입니다.
토의를 하기 위한 순서를 토의절차라고 해요."
C,10,국어,"다음 안의 문장을 읽고 토의 절차의 순서대로 나열해 보세요. 어떤 낱말이
보이나요
토의 주제를 선정하기
다른 사람과 의견을 나누기
자신의 의견 마련하기
가장 좋은 해결 방법 선택하기"
C,11,국어,"아래의 토의 절차를 읽고 맞는 것에 틀린 것에 해 보세요.
공동의 문제가 되는 주제를 정한다.
나의 의견을 주장하기 위한 근거 자료를 모은다. 상대방의 의견을 무시하기 위해 귀를 막는다.
가장 좋은 해결 방법은 무조건 내 의견이어야 한다."
C,12,국어,"공동의 문제를 해결하기 위해 의견을 주고받으며 가장 좋은 해결 방법을 선택하는
순서를 무엇이라고 하나요"
C,13,국어,다음 그림을 보고 어떤 상황인지 이야기해 보세요. 제안은 의견이나 안건을 내놓는 것을 말해요.
C,14,국어,"다음의 문장들 중 어울리는 것끼리 연결해 보세요.
제안을 거절하다.
제안에 찬성하다
제안에 동의하다.
제안을 받아들이다.
제안에 반대하다
제안을 받아들일 수 없다."
C,15,국어,"다음 그림 아래에 들어갈 알맞은 말을 써 보세요.
제안을"
C,16,국어,나의 의견을 학급회의에 이야기 하는 것을 무엇이라고 하나요
C,17,국어,"다음 그림은 무엇을 나타내는 것인지 이야기해 보세요.
첫 번째 사진에서 문제 상황은 쓰레기를 함부로 버리는 것입니다.
두 번째 사진에서 문제 상황은 쓰레기 때문에 물이 오염되는 것입니다.
문제 상황은 여러 가지 방법으로 해결해야 합니다.
해결해야 할 일이 벌어진 상태를 문제상황이라고 해요."
C,18,국어,"다음 글을 읽고 문제 상황이 나타난 문장은 어느 것인가요 학교 운동장에 쓰레기가 많습니다.
운동장을 이용하고 난 뒤에는 쓰레기를 집으로 가져가 주세요.
왜냐하면 쓰레기를 치우려면 시간이 오래 걸리기 때문입니다.
학교 운동장에 쓰레기를 버리지 말아 주세요."
C,19,국어,"다음 중 문제 상황으로 알맞은 것을 찾아 표 하세요.
거리에 꽃이 아름답게 피었어요.
친구들이 사이좋게 놀아요.
교실에서 뛰어서 친구들이 다쳐요.
밥을 골고루 잘 먹어요."
C,20,국어,우리 반에서 해결해야 할 문제는 무엇인가요 문제 상황을 이야기해 보세요.
C,21,국어,"다음 문장을 읽고 진하게 표시된 낱말의 뜻을 이야기해 보세요.
내 친구는 나보다 다리가 길다. 책상 다리가 망가졌다.
다의어는 원래의 뜻이 보다 넓어져서 두 가지 이상의 뜻을 가지게 된 낱말이에요."
C,22,국어,"다음은 머리와 관련한 문장입니다. 머리가 뜻하는 것으로 어울리는 것끼리 연결하세요.
머리를 긁다 머리를 자르다. 머리가 좋다.
머리카락. 생각하고 판단하는 능력. 신체에서 목 위의 부분"
C,23,국어,"다음 문장을 읽고 아래의 깎다의 뜻을 말해 보세요.
사과를 깎다 잔디를 깎다."
C,24,국어,"아래의 글이 시키는 대로 컵을 그려 보세요.
위에서 바라본 컵을 그려 보세요. 옆에서 바라본 컵을 그려 보세요.
관점은 사물이나 현상을 보고 생각하는 자신의 입장 또는 태도를 뜻해요."
C,25,국어,"다음 안에 들어갈 알맞은 낱말을 써 보세요.
개인의 경험과 생각에 따라 다르기 때문에 다양하게 나타나요.
사물과 현상을 보는 방식은 에 따라 달라요.
중립적 어떤 상황에서 한 쪽으로 치우치지 않는 것을 말해요."
C,26,국어,여러분의 관점에서 교장 선생님은 어떤 분인가요
C,27,국어,"아래의 사진을 설명해 보세요.
대상의 특성에 따라 설명하는 글을 쓰면 이해가 쉽습니다.
설명하는 글은 분석 분류 비교 대조 등의 방법을 사용할 수 있습니다. 두 가지 이상의 대상에 대한 설명하는 글을 쓸 때는 공통점을 찾아서 쓰는 비교 방법과
차이점을 찾아서 쓰는 대조 방법이 있습니다.
두 사람이 휴대폰을 만지며 음식을 먹는다는 설명은 분석해서 쓴 설명하는 글입니다."
C,28,국어,"아래의 글을 읽고 어떤 방법의 설명하는 글인지 말해 보세요.
여름철 과일의 대표로 수박과 참외가 있습니다. 수박은 초록색 껍질에 검은색 줄무늬가
있고 아주 크고 둥급니다. 참외는 노란색 껍질로 속은 하얗고 작고 타원형으로 수박과
형태가 다릅니다."
C,29,국어,"아래의 원고지에 띄어쓰기가 된 곳에 표해 보세요.
띄어쓰기는 글을 쓸 때 굉장히
중요한 역할을 합니다. 띄어쓰기가
잘못된 글은 글을 읽는 사람이 이해
를 못할 수 있습니다.
띄어쓰기는 글을 쓸 때, 각 낱말마다 띄어서 쓰는 것을 말해요."
C,30,국어,"다음 글에서 띄어 써야 하는 부분에 표해 보세요.
오늘은 날씨가 맑다.
학교에서 점심으로 치킨이 나왔다.
화장실에서 손을 깨끗이 씻어요."
C,31,국어,"다음 문장에서 띄어쓰기가 올바르게 된 문장을 고르세요.
아침에는 우유를 한 잔 만 마신다.
어제 축구 경기에서 일대영으로 우리나라가 이겼다.
내 동생은 일곱 살이지만 똑똑하다. 내가 사랑하는 사람은 너뿐이야."
C,32,국어,"다음 문장을 읽고 띄어쓰기의 중요성에 대해 이야기해 보세요.
아버지가 방에 들어가신다.
아버지 가방에 들어가신다."
C,33,국어,"다음 그림을 보고 같은 점과 다른 점을 말해 보세요.
자전거와 오토바이의 공통점은 바퀴가 2개인 것입니다.
자전거와 오토바이의 공통점은 탈 수 있다는 것입니다.
자전거와 오토바이의 차이점은 자전거는 가스를 넣지 않아도 움직이는 것입니다.
어떤 것들의 같은 점을 공통점이라고 하고,
다른 점을 차이점 이라고 해요."
C,34,국어,"다음 그림을 보고 알맞은 것끼리 연결해 보세요.
과일 공통점
동그란 모양 차이점"
C,35,국어,"다음 낱말의 공통점으로 알맞은 것은 어느 것인가요?
걸어다닌다. 날아다닌다. 뛰어다닌다. 기어다닌다."
C,36,국어,축구와 농구의 공통점과 차이점을 말해 보세요.
C,37,국어,"다음 중 바르게 쓴 낱말은 어느 것일까요?
거북이
거북이라고 적어야 맞춤법에 맞습니다.
글자를 쓸 때는 맞춤법에 맞게 적어야 합니다.
글자를 쓰고 난 후에 맞춤법을 확인하였습니다.
글자를 적을 때 지켜야 하는 규칙을 맞춤법이라고 해요."
C,38,국어,"빈칸에 들어갈 말로 알맞은 것을 찾아 표 하세요.
나는 ()에 맞게 글자를 썼습니다. 맞춤법"
C,39,국어,"다음 그림을 보고 맞춤법에 맞는 것을 찾아 표 하세요.
할아버지 밥을 먹는다."
C,40,국어,어제 쓴 일기를 다시 읽고 맞춤법에 틀린 글자를 찾아보세요.
C,41,국어,"다음을 보고 어떤 말이 듣기 좋은지 말해 보세요.
칭찬하고 축하하고 응원하는 말은 기분 좋은 영향을 줍니다.
화내고 우울하고 비난하는 말은 기분 나쁜 영향을 미칩니다.
우리가 하는 말은 다른 사람들에게 좋거나 나쁘게 영향을 미칠 수 있습니다.
우리가 하는 말이 다른 사람에게 상처가 되기도 하고 힘이 되기도 하는 것이
말이 미치는 영향이에요."
C,42,국어,"다음에서 기분 좋은 말에는 표, 기분 나쁜 말에는 표 해 보세요.
축하해. 정말
대단하다!
색연필 안 가져왔어?
내 색연필 같이 쓸래?
됐어. 잔소리 그만 해.
야, 너 뭐야! 내
필통을 떨어뜨리면
어떻게 해?
네가 해 준 말이 정말
힘이 되었어.
또 색연필을 안
가져왔어? 넌 도대체
왜 그래?
네 목소리는 정말 듣기
싫어.
미안해. 실수로 네
필통을 떨어뜨렸어. 내
잘못이야.
넌 목소리가 정말
부드러워서 듣기 좋아."
C,43,국어,선생님과 친구에게 기분 좋은 영향을 미칠 수 있는 말 한마디를 해 보세요.
C,44,국어,"다음을 보고, 비슷한 성격을 가진 말끼리 묶어 보세요.
문장 성분에는 주어 서술어 목적어 등이 있습니다.
주어는 누가 무엇이 입니다.서술어는 어찌하다 어떠하다 무엇이다 입니다.
목적어는 누구를 무엇을 입니다.
문장성분은 문장을 이루는 부분을 말해요.
주어, 서술어, 목적어 등이 있어요."
C,45,국어,"어휘 이해에 나온 말들을 다음 빈칸의 알맞은 곳에 쓰세요 주어 서술어 주어 서술어
새가 운다
주어 목적어 서술어 주어 목적어 서술어
나는 동생을 좋아한다."
C,46,국어,하늘이 파랗다 와 사자가 물을 마시다 에서 주어 서술어 목적어는 각각 무엇인가요
C,47,국어,"다음을 보고 어색한 부분은 없는지 이야기해 보세요 주어는 몸무게가 키가 이고 서술어는 무겁다 크다입니다
주어 몸무게와 키가에 서술어 크다는 호응 관계가 이루어지지 않습니다
주어와 서술어의 호응 관계가 이루어지지 않을 때는 주어에 호응이 이루어지는 서술어로
고치거나 서술어에 호응이 이루어지는 주어로 고칩니다
문장 안에서 앞에 어떤 말이 나오면 뒤에 어울리는 말이 짝을 이루는 것을
호응이라고 해요 서로 짝을 이루는 말은 호응 관계를 이루고 있어요"
C,48,국어,"몸무게와 키가 크다 에서 다음의 주어에 호응이 이루어지는 서술어를 쓰세요
몸무게가
키가"
C,49,국어,"다음에서 서술어 크다 와 호응을 이루는 주어에 표 하세요
몸무게가 키가"
C,50,국어,"몸무게와 키가 크다 를 보고 주어와 서술어가 호응이 이루어지도록 문장을
바르게 고쳐 쓰세요"
C,51,국어,나는 과자와 물을 마신다 에서 어색한 부분을 말해 보세요
C,52,국어,"다음을 보고 선생님께서 무엇을 보고 다음과 같은 생각을 하셨을지 말해 보세요.
선생님은 우빈이의 얼굴이 빨개지는 것을 보고, 우빈이가 새봄이를 좋아한다고 추론했습니다.
책을 훑어보면서 책의 내용이 어떠한지 추론할 수 있습니다.
추론하면서 글을 읽으면 글의 내용을 바탕으로 글에 드러나지 않은 부분을 미루어 생각해
볼 수 있습니다.
추론하다는 미루어 짐작해 보는 거예요.
이미 알려진 정보를 근거로 삼아 다른 생각을 이끌어 내는 거예요"
C,53,국어,"다음을 보고 책의 내용을 추론하여 빈칸에 알맞은 말을 쓰세요.
이 책은 5학년 6학년이 공부하는 책입니다.
이 책은 사회 교과서 국어 교과서입니다
이 책은 학교 학원에서 보는 책입니다.
이 책은 혼자 숙제할 때 함께 수업 시간에 보는 책입니다."
C,54,국어,자주 보는 만화 영화의 예고편을 보고 난 뒤에 다음 화는 어떤 내용일지 추론해 보세요
C,55,국어,"다음에서 친구들이 무슨 이야기를 하고 있는지 말해 보세요.
글의 내용을 떠올렸다면 어떤 순서로 쓸지 내용을 조직해야 합니다.
글의 처음과 가운데, 끝 부분에 어떤 내용을 쓸지 조직합니다.
글의 내용을 조직하여 정리한 것이 글의 개요입니다.
글을 쓸 때 어떤 내용을 어떤 순서로 쓸지 정하는 것을 내용조직이라고 해요."
C,56,국어,"다음을 읽고 빈칸에 알맞은 말을 보기에서 찾아 쓰세요.
글을 쓸 때는 무엇을 쓸지 내용을 떠올린 후에 처음 가운데 끝 부분에
어떤 내용을 넣을지를 정해야 합니다.
글에 쓸 내용의 순서를 정하는 것을 내용 이라고 합니다.
글의 처음 부분과 가운데 부분 끝 부분에 무엇을 쓸지 중요한 내용만
간단하게 정리하여 쓴 것을 글의 라고 합니다.
보기 조직 개요 주장 순서 근거"
C,57,국어,"급식을 먹은 후에 양치를 합시다를 주제로 주장을 펼치는 글을 쓴다면 어떻게
내용을 조직해야 할까요"
C,58,국어,"다음을 보고 무엇을 말하고 있는지 이야기해 보세요. 학교에서 쓰레기를 함부로 버리지 말자는 표어를 만들었습니다.
표어는 짧은 말로 하고 싶은 말을 잘 표현합니다.
불조심을 하자는 내용이나 질서를 지키자는 내용의 표어를 보았습니다.
표어는 주장을 간단하게 나타낸 짧은 말이나 글이에요."
C,59,국어,"다음 그림에 어울리는 표어를 고르세요.
저는 물을
좋아해요
제게 물을 주세요
밟지 마세요
지켜 주세요
나무를 죽이는
종이컵
나무를 살리는
유리컵 컵은 싫어요
나무는 좋아요"
C,60,국어,위의 그림을 보고 여러분도 표어를 만들어 보세요.
C,61,국어,"다음 글의 개요를 보고 무엇을 주장하고 있는지 말해 보세요.
주장하는 글에는 글쓴이의 주장이 있습니다.
주장하는 글에는 주장에 대한 근거가 있습니다.
주장하는 글은 처음 가운데 끝 부분으로 이루어져 있습니다.
주장하는 글은 글을 쓴 사람의 주장과 근거가 드러난 글이에요."
C,62,국어,"위의 개요를 보고 알 수 있는 주장과 근거를 쓰세요.
주장
근거
양치를 하지 않으면 입 냄새가 날 수 있다."
C,63,국어,"다음을 보고 주장하는 글의 짜임에 맞게 서로 어울리는 것을 연결하세요.
글의 처음 부분 요약 및 강조
글의 가운데 부분 글을 쓰는 까닭
글의 끝 부분 주장에 대한 근거"
C,64,국어,쓰레기는 쓰레기통에 버리자라는 주장에 대한 근거를 말해 보세요.
C,65,국어,"다음을 보고 무엇을 읽고 있는지 말해 보세요.
글의 종류에 따라 독서 방법이 다릅니다.
글을 읽는 목적에 따라 독서 방법이 다릅니다.
다양한 글이 있기 때문에 독서 방법도 다양합니다.
독서방법은 책을 읽는 방법이에요.
글의 종류와 읽는 목적에 따라 읽기 방법은 달라질 수 있어요."
C,66,국어,"다음은 무엇이 다른지 빈칸에 알맞은 말을 쓰세요.
난 지금 대한민국 국보 제1호 숭례문에 대해 설명하는 글을 읽고 있어.
난 숭례문과 같은 문화재를 잘 보존하자고 주장하는 글을 읽고 있어.
민서와 정우는 읽고 있는 가 서로 달라서 독서 방법이 다릅니다."
C,67,국어,"다음을 보고 서로 어울리는 것을 연결하세요.
시험공부를 하면서 국어 교과서를 꼼꼼히 읽었습니다.
훑어 읽기
수지는 음식점 광고지를 보면서 먹고
싶은 음식이 있는지 찾아보았습니다.
자세히 읽기"
C,68,국어,"우리나라 옛날 지도에 대한 정보를 찾기 위해 인터넷 백과사전을 찾아보았습니다.
어떤 독서 방법으로 읽어야 할까요"
C,69,국어,"다음 그림은 무엇을 하고 있나요 무엇을 읽고 있나요
어떤 음식을 먹을지 메뉴판을 훑어 읽었습니다.
책에서 알고 싶은 내용을 찾으려고 빠르게 훑어 읽기를 하였습니다.
핸드폰 설명서의 내용을 훑어 읽었습니다.
처음부터 끝까지 자세히 다 읽지 않고 필요한 것만 눈으로 찾아 읽는 것을
훑어읽기라고 해요."
C,70,국어,"다음 중 훑어 읽기와 관련 있는 설명을 찾아 표 해 보세요.
자세히 읽다.
필요한 것만 찾아서 읽다.
처음부터 끝까지 전부 다 읽다."
C,71,국어,"다음과 같은 상황에서는 어떻게 읽어야 하는지 빈칸에 알맞은 말을 쓰세요.
사전에서 필요한 낱말을 찾습니다.
열차 시간표에서 원하는 시간의 기차를 찾아 읽습니다 를 합니다."
C,72,국어,훑어 읽기를 하여 글을 읽었던 적이 있나요 훑어 읽기는 언제 해야 하나요
C,73,국어,"다음 작품을 읽고 어떤 장면이 떠오르는지 말해 보세요.
펄펄 나는 저 꾀꼬리
암수 서로 정답구나.
외로운 이 내 몸은
뉘와 함께 돌아갈꼬.
시에는 말하는 이가 있습니다.
이야기에도 말하는 이가 있습니다. 작품에서 말하는 이가 누구인지 무슨 말을 하고 있는지 살펴봅니다.
말하는 이는 문학 작품 속에서 이야기를 전해 주는 인물이에요."
C,74,국어,"다음 작품에서 말하는 이는 누구인지 알맞은 것을 고르세요.
펄펄 나는 저 꾀꼬리
암수 서로 정답구나.
외로운 이 내 몸은
뉘와 함께 돌아갈꼬.
정다운 꾀꼬리
혼자 있어 외로운 사람 짝과 함께 행복한 사람"
C,75,국어,"다음을 읽고 말하는 이의 마음이 어떠한지 바르게 연결하세요.
펄펄 나는 저 꾀꼬리
암수 서로 정답구나.

꾀꼬리의 정다운 모습을
부러워하고 있어요.

외로운 이 내 몸은
뉘와 함께 돌아갈꼬.

나는 혼자 있어서 슬퍼하고
있어요."
C,76,국어,"‘어휘 연습’의 시에서 말하는 이는 어떤 사람(남자 또는 여자, 친구가 많은 사람 또는"
C,77,국어,"어휘 연습의 시에서 말하는 이는 어떤 사람 남자 또는 여자 친구가 많은 사람 또는
짝이 없어 외로운 사람 등 일 것 같은지 상상해서 말해 보세요."
C,78,국어,"다음을 읽어 보세요.
글을 읽고 감동을 받았습니다.
감동을 느끼고 눈물을 흘렸습니다.
감동을 주는 시를 읽었습니다.
어떤 것을 보고 듣고 읽거나 하면서 큰 느낌을 받는 것을 감동이라고 해요.
글을 읽고 독서 감상문을 썼습니다.
책을 읽고 느낀 감동을 독서 감상문으로 썼습니다. 독서 감상문은 시를 읽고도 쓸 수 있습니다.
글을 읽고 느낀 점이나 자신의 생각을 쓴 글을 독서 감상문 이라고 해요."
C,79,국어,"다음의 문장들에서 괄호 속에 공통적으로 들어갈 낱말을 써 보세요.
친구에게 을 받았어요.
영화를 보고 해서 눈물을 흘렸어요.
글을 읽고 을 느껴 독서 감상문을 썼어요.
같은 시를 읽고도 사람마다 다를 수 있어요."
C,80,국어,"다음은 독서 감상문입니다. 읽어 보세요.
흥부와 놀부를 읽고
김세라
흥부는 마음씨 좋은 동생이고 놀부는 욕심이 많은 형이다. 흥부는 너무 가난한데 놀부는
부자다. 내가 그렇게 부자인 형이라면 가난한 동생을 많이 도와 줄 것 같다. 그런데 흥부를
그런 형이 아니다. 오히려 동생이 부자가 되니 심술을 낸다. 그러다가 벌을 받았다. 흥부는
마음씨가 좋아서 다친 제비를 고쳐 주고 복을 받았다. 나도 항상 착하게 지내야 할 것 같다.
그런데 내가 흥부라면 착하게 지내면서도 자식을 먹여 살리기 위해 더 열심히 일할 것 같다."
C,81,국어,"글을 읽고 감동을 느끼면 독서 감상문을 쓸 수 있어요. 최근 읽은 책 중에서 독서
감상문을 쓰고 싶은 책이 있다면 그 책의 제목을 써 보세요."
C,82,국어,"다음을 읽어 보세요.
글의 주제는 글을 읽는 이에게 글 쓴 사람이 말하려고 하는 중심 내용입니다.
이야기에서 일어난 어떤 일을 사건이라고 합니다. 이야기에는 여러 가지 사건들이 있습니다.
이야기에서 일어난 중요한 일들을 엮으면 줄거리가 됩니다.
흥부와 놀부 이야기로 주제, 사건, 줄거리를 설명하면 다음과 같습니다.
주제 착한 일을 하면 복을 받을 수 있다.
사건
흥부는 부러진 제비 다리를 고쳐 주었습니다.
놀부는 쌀을 얻으러 온 동생 농부를 쫓아냈습니다.
줄거리
옛날에 흥부와 놀부 형제가 살았습니다. 놀부는 마음씨가 나쁘고 흥부는
착했습니다. 그런데 놀부는 부자고 흥부는 가난했습니다. 하지만 놀부는
동생을 도와주지 않았습니다. 그러던 어느 날 흥부가 새끼 제비의 부러진
다리를 고쳐 주었어요. 흥부는 이런 착한 일로 복을 받아 부자가 되었습니다.
이 소식을 들은 놀부는 샘이 나서 일부러 제비 다리를 부러뜨리고 제비
다리에 붕대를 감아 주었습니다. 놀부는 이런 나쁜 일을 저질러 벌을 받았
습니다. 흥부는 가난해진 놀부를 도와서 함께 잘 살았습니다."
C,83,국어,"다음 글을 읽고 물음에 대답해 보세요.
개미와 베짱이
어느 마을에 개미와 베짱이가 살았습니다. 개미는 따뜻한 봄과 여름 가을에 열심히 일했
습니다. 하지만 베짱이는 열심히 일하는 개미를 놀리며 놀기만 했습니다. 그러다 겨울이
왔습니다. 개미는 평소에 열심히 일해서 모아둔 먹을거리로 따뜻한 겨울을 지냈습니다. 그러나
베짱이는 평소에 모아둔 먹을 것이 없어 굶어 죽고 말았습니다.
위의 글의 주제는 무엇인지 골라 보세요.
열심히 일하기보다는 열심히 놀자. 먹을 것을 많이 주변에 나누어 주자.
주변 사람들이 저축을 하면 말리자. 평소 열심히 일해서 어려운 일을 대비하자."
C,84,국어,개미와 베짱이 이야기에서 사건이라고 할 수 있는 것을 모두 골라 적어 보세요.
C,85,국어,"다음을 읽어 보세요.
여행을 통해 견문을 넓혔습니다.
여행에서 견문을 쌓아 돌아왔습니다.
여행을 하면서 보거나 들어서 알게 된 것을 견문이라고 해요.
여행에서 느끼고 생각한 감상을 기행문으로 써 보았습니다.
견문에 대한 생각이나 느낌을 감상이라고 해요.
여행을 통해 얻은 견문과 감상을 쓴 글을 기행문 이라고 해요.
박물관을 다녀와서 견학 기록문을 썼습니다.
어떤 장소를 견학하고 알게 된 것을 중심으로 쓴 글을 견학 기록문 이라고 해요."
C,86,국어,"관련 있는 것끼리 짝지어 보세요.
견문에 대한 생각이나 느낌 기행문
여행을 하면서 보거나 알게 된 것 견문
여행을 통해 얻은 견문과 감상을 쓴 글 견학 기록문
어떤 장소를 견학하고 알게 된 것을 중심으로 쓴 글 감상"
C,87,국어,"괄호 속의 두 낱말 중 적절한 것을 선택해서 문장을 완성해 보세요.
여행을 통해 견문, 기행문을 넓혀서 돌아 왔습니다.
여행하면서 생각하고 느낀 감상, 견학 기록문을 일기에 써 보았습니다."
C,88,국어,견학을 가 본 적이 있어요 어디로 누구와 갔어요 거기서 보고 알게 된 것은 무엇인가요
C,89,국어,"다음을 읽어 보세요.
과거와 관련된 시간 표현은 지난 어제 전에 등과 했습니다와 같은 것들이 있습니다. 현재와 관련된 시간 표현은 지금 오늘 등과 합니다와 같은 것들이 있습니다.
미래와 관련된 시간 표현은 나중에 내일 등과 할 것입니다와 같은 것들이 있습니다.
과거 지나간 일 현재 지금 일어나는 일 미래 나중에 일어날 일과
관련된 표현들을 시간 표현 이라고 해요
어른께는 높임말을 써야 합니다.
아버지께서’ 할머니께서는 높임말입니다.
어른들이 하는 행동을 말할 때는 합니다라고 하지 않고 하십니다라고 하는 것도 높임말입니다.
나보다 나이가 많은 사람을 높일 때 높임말을 써요."
C,90,국어,"다음 문장에서 시간 표현을 바르게 밑줄 그은 문장을 골라 보세요.
강아지가 귀엽다.
내일 일은 내일 생각해라.
어제 친구에게 선물을 주었어요.
친구들에게 친절하게 말해 보자."
C,91,국어,"다음 문장에서 시간 표현을 바르게 사용한 문장을 골라 보세요. 
어제 밥을 많이 먹을 것입니다.
예전에는 날씨가 흐릴 것입니다.
내일은 놀이 공원에 갈 것입니다.
지난 일요일에 제주도에 가는 중입니다."
C,92,국어,"다음 문장에서 높임말을 바르게 사용한 문장을 골라 보세요.
아버지가 가족 여행을 가자고 하였습니다.
할아버지께서 신문을 읽으십니다.
어머니에게 선물을 주었습니다.
할머니가 밥을 먹습니다."
C,93,국어,시간 표현을 사용하여 어제 한 일을 세 가지 써 보세요.
C,94,국어,"다음을 읽어 보세요.
동생이 밥을 먹습니다. 나는 공부를 열심히 했습니다. 할머니께서 바느질을 하십니다.
위에서 밑줄 그은 부분과 같이 문장에서 누가 무엇이 를 나타내는 부분을 주어라고 해요. 꽃이 예쁘다. 나는 축구를 했습니다. 아버지 직업은 의사입니다.
위에서 밑줄 그은 부분과 같이 문장에서 어찌하다 어떠하다 무엇이다를
나타내는 부분을 서술어라고 해요.
귀여운 강아지를 보았습니다. 공부를 열심히 했습니다. 하늘이 무척 푸릅니다.
위에서 밑줄 그은 부분과 같이 문장에서 꾸며주는 일을 하는 것을
꾸며주는 말이라고 해요."
C,95,국어,"굵게 밑줄 그은 부분이 주어 서술어 꾸며 주는 말 중에 무엇인지 바르게 짝지
어 보세요.
바다가 매우 넓습니다. 주어
구름이 뭉게뭉게 피어났습니다. 서술어
고양이가 생선을 맛있게 먹습니다. 꾸며 주는 말"
C,96,국어,"다음 문장에서 주어에 밑줄 그은 것을 골라 보세요.
복도가 좁아요. 오늘은 친구가 예뻐 보이네요.
숙제가 너무 쉽다. 친구들과 하루 내내 놀았습니다."
C,97,국어,"다음 문장에서 서술어에 밑줄 그은 것을 골라 보세요.
바람이 세게 불어요. 저는 친구들을 돕고 싶습니다.
공부를 열심히 하자. 꽃이 예쁘게 피었습니다."
C,98,국어,"다음 문장에서 꾸며 주는 말을 찾아보세요.
비가 너무 많이 내립니다."
C,99,국어,"다음을 읽어 보세요.
당신의 뜻에 찬성을 표합니다.
네 의견에 찬성이야.
찬성이라면 손을 들어 주십시오.
다른 사람의 의견이 맞다고 생각하거나 이를 표시하는 것을 찬성이라고 해요.
저는 그 의견에 반대입니다.
반대라면 그 이유를 말씀해 주세요.
네 의견에 반대라고 해서 너를 싫어한다는 것을 아니야.
다른 사람의 의견이 맞지 않다고 생각하거나 이를 표시하는 것을 반대라고 해요.
수학여행을 갈지 말지 토론을 했습니다.
학급회의 시간에 열띤 토론이 벌어졌습니다.
찬성과 반대로 나뉘어 토론을 하였습니다.
찬성과 반대로 나뉘어 주장과 근거를 내세워 의견을 펼치는 것을 토론이라고 해요."
C,100,국어,"관련 있는 설명과 낱말을 짝지어 보세요.
네 뜻과 같은 생각이야 찬성
우리 이 문제에 대해 찬성과 반대로
나누어 의견을 나누어 보자!
반대
네 뜻과 나는 다른 생각이야 토론"
C,101,국어,"다음 두 사진을 보고 다음 문장을 읽어 보세요.

팝콘처럼  톡톡  터지는  벚꽃

-  벚꽃이  피는  모습을  팝콘이  터지는  것에  비유하였습니다.

-  둥근  달을  공에  비유하였습니다.

-  ‘사과  같은  내  얼굴’은  비유적  표현입니다.

어떤 것을 직접 말하지 않고 비슷한 점이 있는 다른 것과 연결해 말하는 것을   비유라고 해요. 비유해서  표현하는  것을 비유적 표현 이라고  해요."
C,102,국어,"1. 다음 문장에서 ‘내 얼굴’을 무엇에 비유하였는지 쓰세요.

사과  같은  내  얼굴               (                           )"
C,103,국어,"2. 다음 중 비유적 표현이 아닌 것은 어느 것인가요? (     )

①  불같은  태양

②  어제  먹은  사과

③  꽃처럼  예쁜  엄마

④  푸른  하늘은  바다이다."
C,104,국어,주변에 있는 물건 중 하나를 골라 비유적 표현으로 말해 보세요.
C,105,국어,"다음 그림은 무엇인가요?

-  신문에는  여러  개의  신문  기사가  있습니다.

-  신문  기사를  읽으면  새로운  소식을  알  수  있습니다.

-  신문  기사에는  누가,  언제,  어디서,  무엇을,  어떻게,  왜
하였는지가  자세히  나와  있습니다.

어떤  사실이나  소식을  알리는  글을   신문 기사 라고  해요."
C,106,국어,"1. 다음에서 설명하고 있는 것이 무엇인지 찾아 ○표 하세요.


어떤  사실이나  소식을
알리는  글이에요.

편지

신문  기사

일기

독서  감상문"
C,107,국어,"2. 다음 빈칸에 공통으로 들어갈 말을 쓰세요. (                  )

-                  를 읽으면 새로운 소식을 알 수 있습니다.

-                  에는 누가, 언제, 어디서, 무엇을, 어떻게, 왜 하였는지가 자세히

나와 있습니다."
C,108,국어,오늘 신문에 나온 신문 기사를 3개 찾아보세요.
C,109,국어,"다음의 낱말들은 무엇을 나타내는 말인가요?


고맙다

기쁘다

미안하다

-  감사하는  마음을  편지로  썼습니다.  편지는  마음을  표현하는  글입니다.

-  기쁜  마음을  일기에  썼습니다.  일기는  마음을  표현하는  글입니다.

-  친구에게  미안한  마음을  시로  썼습니다.  시는  마음을  표현하는  글입니다.

마음을  담아  쓰는  시,  편지,  일기와  같은  글을

마음을 표현하는 글 이라고  해요."
C,110,국어,"1. 다음 글은 어떤 마음을 표현하는 글인지 찾아 연결하세요.


1) 민수에게.

민수야, 오늘 미술 시간에 준비물
빌려줘서 고마웠어. 나도 너에게

?

좋은 친구가 될게.

고마워.

201?년 4월 8일 현주가

2) 201?년 4월 8일 날씨: 맑음.

잃어버린 우산

오늘  우산을  버스에  두고  내렸다.   ?
효진이가 생일 선물로 사 준 우산을
말이다.  기분이  좋지  않아서  밥도
먹기가 싫었다.

?    ① 고마운 마음

?    ② 축하하는 마음

?    ③ 걱정하는 마음

?    ④ 속상한 마음"
C,111,국어,나의 마음을 표현하는 글에는 어떤 것이 있는지 그 종류를 써 보세요.
C,112,국어,"무엇을 하고 있는 그림인가요?

-  면담을  하기  전에는  면담할  사람과  미리  약속을  합니다.

-  면담을  할  때는  사람을  직접  만나서  질문을  합니다.

-  면담이  끝나면  면담한  내용을  잘  정리합니다.

직접  사람을  만나서  대화를  주고받으며  정보를  얻는  것을   면  담 이라고  해요.

면담을  하기  전,  면담을  하는  중,  면담을  한  후에  해야  할  일들과  순서가  있는데,
이것을   면담   절차 라고  해요."
C,113,국어,"1. 다음에서 민정이는 무엇을 하였는지 알맞은 것을 찾아 ○표 하세요.

상담

민정이는  요리사를  찾아가서  요리사가  되려면  어떻게

면담

하여야  하는지  물어보았습니다.                                     농담"
C,114,국어,"2. 다음에서 빈칸에 알맞은 말을 쓰세요.

면담을 하기 전, 면담을 하는 중, 면담을 한 후에 해야 할 일들과 순서를

라고 해요."
C,115,국어,면담 하고 싶은 사람은 누구인지 말해 보세요. 무엇을 물어보고 싶나요?
C,116,국어,"다음 글은 무엇을 말하고 있나요?

가                                                                            나

-  광고는  생각을  알리고  다른  사람을  설득합니다.

-  우유를  알리고  팔기  위해서  광고를  합니다.

-  광고는  다른  사람에게  물건을  사도록  권장합니다.

생각이나  상품을  알리고  권장하는  것을   광고 라고  해요.

권장 은  다른  사람에게  어떤  행동을  하도록  권하는  것을  뜻해요."
C,117,국어,"1. 위의 ??와 ??의 광고를 보고 무엇을 권장하고 있는지 알맞은 것을 연결하세요.


1) 광고 ??       ?



2) 광고 ??       ?

?    ㉠ 우유를 마시자.

?    ㉡ 우유는 나쁘다.

?    ㉢ 손을 깨끗이 씻자.

?    ㉣ 예방 주사를 맞자."
C,118,국어,"텔레비전에 나오는 광고를 보고, 무엇을 권장하고 있는 것인지 말해 보세요."
C,119,국어,"다음의 만화를 읽어 보세요.

광고를  볼  때는  광고가  믿을  만한  것인지   신뢰성 을  따져  보아야  해요.  먼저,  광고에서

전하고자  하는  생각이  무엇인지  광고의    의도 를  파악하고,  사실보다  지나치게  좋게

과장 해서  말하지는  않았는지  살펴보아야  해요."
C,120,국어,"1. 다음 광고의 의도는 무엇인가요? (     )

①  볼펜을  사라는  것

②  연필을  사라는  것

③  연필이  나쁘다는  것

④  볼펜이  나쁘다는  것"
C,121,국어,"2. 다음에서 설명하는 것이 무엇인지 쓰세요.

남이  얼마나  믿을  만한  것인지를  나타내는  것이에요."
C,122,국어,"3. 다음 빈칸에 알맞은 말을 연결해 보세요.


①              은   ②

?                          ?

것을   ③

?

것처럼  부풀려  말하는  것이에요.

?                          ?                              ?



작은                 과장                      큰"
C,123,국어,"내가 본 광고는 신뢰성이 있나요? 광고의 의도는 무엇인지, 과장된 내용은 없는지
말해 보세요."
C,124,국어,"다음의 대화를 읽어 보세요.

엄마,  저  용돈  좀
올려주세요.

용돈을  올려달라고?

그럼,  왜  용돈을  올려야  되는지
엄마를  설득해  보렴.

-  나는  용돈을  올려  달라고  엄마를  설득하였습니다.

-  친구가  함께  놀자고  나를  설득합니다.

-  선생님이  학생들을  설득하였습니다.

설득 이란  다른  사람에게  잘  설명하고  이해시켜서
자신의  의견에  따르도록  하는  것이에요."
C,125,국어,"1. 다음 중 ‘설득’에 대한 설명으로 알맞지 않은 것은 어느 것인가요? (      )

①  다른  사람에게  잘  설명하는  것이에요.

②  다른  사람을  잘  이해시키는  것이에요.

③  다른  사람의  의견을  무시하는  것이에요.

④  다른  사람이  내  의견에  따르도록  하는  것이에요."
C,126,국어,"2. 다음 문장을 읽고 빈칸에 알맞은 말을 쓰세요.

광고에서  물을  아껴쓰자고  우리를              합니다."
C,127,국어,부모님께 용돈을 올려 달라고 설득하려면 어떻게 말해야 할까요?
C,128,국어,"다음의 낱말을 읽어 보세요. 같은 색 카드의 낱말은 어떤 공통점?? 있을까요?


하늘                학교

바다                친구

라디오
아파트

-  우리말  낱말에는  고유어,  한자어,  외래어가  있습니다.

-  ‘하늘’과  ‘바다’는  고유어입니다.

-  ‘학교(學校)’와  ‘친구(親舊)’는  한자어입니다.

-  ‘라디오(radio)’와  ‘아파트(apartment)’는  외래어입니다.

고유어 는  우리말에  원래부터  있던  낱말이에요.

한자어 는  중국의  한자를  바탕으로  만들어진  낱말이에요.

외래어 는  다른  나라의  말이  들어와서  우리말처럼  쓰이는  낱말이에요."
C,129,국어,"1. 다음 내용에 알맞게 선으로 연결하세요.


‘학교’와 ‘친구’처럼 중국의 한자어를 바탕으로

1)

만들어진 낱말이에요.

?                                 ?     ㉠  고유어


‘라디오’와 ‘아파트’처럼 다른 나라의 말이

2)

들어와서 우리말처럼 쓰이는 낱말이에요.

?                                 ?     ㉡  한자어


‘하늘’과 ‘바다’처럼 우리말에 원래부터 있던

3)

낱말이에요.

?                                 ?     ㉢  외래어"
C,130,국어,"‘지우개’, ‘공책’, ‘볼펜’은 각각 고유어, 한자어, 외래어 중에 어떤 낱말일까요?"
C,131,국어,"다음 그림의 이야기를 알고 있나요? 주인공은 누구인가요?

-  이  이야기의  인물은  백설공주와  일곱
난쟁이입니다.

-  이  이야기의  배경은  숲  속입니다.

-  위  그림의  사건은  일곱  난쟁이들이  백설공주를
반겨주는  것입니다.

-  인물,  사건,  배경을  이야기의  구성  요소라고
합니다.

이야기  속의  주인공을  인물이라고  해요.  그리고  인물들에게  일어난  일들을  사건이라고  해요.
사건이  일어난  때와  장소를   배경 이라고  하지요.

인물,  사건,  배경이  모두  있어야  이야기가  완성되어요.
그래서  이것을   이야기의 구성 요소 라고  해요."
C,132,국어,"1. 다음 중 이야기의 구성 요소를 찾아 모두 ?표 하세요.


사건             인물

읽는  이           배경

지은이"
C,133,국어,"2. 다음 낱말 중 배경을 알 수 있는 것을 찾아 ○표 하세요.

낮            백설공주          왕자            숲  속       일곱 난쟁이"
C,134,국어,"
내가 좋아하는 이야기 중에 한 가지를 골라 이야기의 구성 요소를 살펴보세요."
C,135,국어,"다음 그림에서 학생은 무엇을 하고 있나요?

-  도서관에서  읽을거리를  찾아  읽었습니다.

-  주제에  따라  필요한  읽을거리가  다릅니다.

-  이  잡지에는  재미있는  읽을거리가  많습니다.


읽을거리 는  읽을  만한  글이나  책을  뜻하는  말이에요."
C,136,국어,"1. 다음 빈칸에 들어갈 말로 알맞은 것을 모두 찾아 ?표 하세요.

읽을거리란  읽을  만한        이나        을  뜻하는  말이에요.

공책                눈                글                물"
C,137,국어,"2. 다음 빈칸에 들어갈 말을 쓰세요.

나는  도서관에서                         를  찾아  읽었습니다."
C,138,국어,"3. 다음 빈칸에 공통으로 들어갈 말을 쓰세요.

읽을  만한  글이나  책은  ‘읽을             ’,

구경할  만한  것은  ‘볼             ’, 먹을  것은  ‘먹을             ’"
C,139,국어,우리나라의 역사에 대해 알아보려면 어떤 읽을거리를 찾으면 될까요?
C,140,국어,"무엇을 하는 데 필요한 물건들일까요?

소리를  기록하는  것을   녹음 이라고  해요."
C,141,국어,"1. 다음 빈칸에 알맞은 낱말은 무엇일까요? (                        )

? 같은 소리를 여러 번             했습니다.

? 동물 소리를             했습니다.

? 테이프를 넣어             을 했습니다.

?             이 잘되어 소리가 선명하게 들렸습니다.


? 휴대용 기로 면담한 내용을 모두

할 수 있었습니다."
C,142,국어,녹음을 하기 위해서는 무엇이 필요할까요?
C,143,국어,"다음 낱말들과 관련이 깊은 낱말은 무엇일까요?

분별력         판단력            눈

-  내  친구는  물건을  고르는  안목이  뛰어납니다.

-  도자기에  대한  어머니의  깊은  안목이  놀라웠습니다.

-  이  문제를  해결하기  위해서는  장기적인  안목이  필요합니다.

사물을  보고  분별하는  능력을   안목 이라고  해요."
C,144,국어,"1. 빈칸에 공통으로 들어갈 낱말을 쓰세요. (                        )

? 이번 단원을 공부하면서 예술에 대한             을 높일 수 있었습니다.

? 내 친구는 그림을 보는             이 매우 뛰어납니다.

? 눈앞의 이익만 보지 말고 장기적인             으로 판단해야 합니다."
C,145,국어,"내가 잘할 수 있는 일을 생각하며 (      ) 안에 알맞은 말을 넣어 문장을 말해 보세요.

“나는 (           )에 대한 뛰어난 안목을 가지고 있어요.”"
C,146,국어,"무엇에 대한 내용인지 생각하며 다음 글을 읽어 보세요.


저는  음식을  먹을  때  먹을  만큼만  받고  남기지   주장

말아야  한다고  생각합니다.

요즈음  점심시간에  우리  반에서  발생하는  음식물
쓰레기의  양이  많아지고  있습니다.  음식물  쓰레기
가  많아지면  여러  가지  문제가  발생합니다.

첫째,  음식물  쓰레기는  환경을  더럽힙니다.  둘째,
음식물  쓰레기를  처리하는  데에  많은  돈이  듭니다.

논설문

어떤  문제에  대한  자신의  생각을   주장 이라고  하고,

주장을  뒷받침하는  내용을   근거  라고  해요.

논설문 은  어떤  문제에  대해  자신의  주장과  근거를  내세우는  글을  말해요."
C,147,국어,"1. 다음 내용에 알맞게 선으로 연결하세요.

1)       어떤  문제에  대한  자신의  생각     ?                                     ?   
   ㉠  근거

2)       자신의  생각을  뒷받침하는  내용    ?                                     ?     
 ㉡  주장"
C,148,국어,"2. 다음에서 설명하는 것이 무엇인지 찾아 ?표 하세요.

어떤  문제에  대해  자신의  주장과  근거를  내세우는  글입니다.


광고             일기

편지            설명문

논설문"
C,149,국어,“고운 말을 사용하자.”라는 주장에 대해 알맞은 근거를 한 가지만 말해 보세요.
C,150,국어,"다음의 대화를 읽어 보세요.

-  논설문은  서론,  본론,  결론으로  짜여  있습니다.

-  논설문의  서론에서는  글쓴이의  주장을  밝힙니다.

-  논설문의  본론에서는  글쓴이의  주장에  대한  근거를  씁니다.

-  논설문의  결론에서는  글의  내용을  요약하고  주장을  다시  한  번  강조합니다.

-  글을  잘  쓰려면  글에  꼭  필요한  내용만  뽑아서  개요를  씁니다.


논설문의  처음  부분을

서론 ,  가운데  부분을

본론 ,  끝  부분을

결론 이라고  해요.

글을  쓸  때  글의  처음,  가운데,  끝  부분에  무엇을  쓸지  중요한  것만  간단히  뽑아낸  것을

개요 라고  해요."
C,151,국어,"1. 다음 내용에 알맞게 선으로 연결하세요.

1)        서론      ?                                                                     
?  ㉠  끝

2)        본론      ?                                                                     
?  ㉡  처음

3)        결론      ?                                                                     
?  ㉢  가운데"
C,152,국어,"2. 다음에서 설명하는 것이 무엇인지 찾아 ?표 하세요.

글을  쓸  때  글의  처음,  가운데,  끝  부분에  무엇을  쓸지  중요한  것만  간단히  뽑아낸  것

본론              결론              서론              개요              주장"
C,153,국어,논설문은 어떻게 짜여 있나요? 개요에는 어떤 내용이 들어가나요?
C,154,국어,"1. 다음에서 설명하는 것을 찾아 ?표 하세요.

자신이  쓴  글을  다시  읽고  어색한
부분을  찾아  고치는  것

편지쓰기         개요쓰기

고쳐쓰기         일기쓰기"
C,155,국어,"2. 다음 빈칸에 공통으로 들어갈 말을 쓰세요. (                        )

- 글을 쓰고 난 후에는                       를 합니다.

-                       를 하면 글이 더 좋아집니다."
C,156,국어,고쳐쓰기를 해 본 경험이 있나요? 고쳐쓰기를 할 때에는 무엇을 고쳐야 할까요?
C,157,국어,"다음의 대화를 읽어 보세요.

-  나는  친구와  마음을  공유합니다.

-  모둠의  친구들과  이야기를  나누며  생각을  공유합니다.

-  인터넷이  발달하여  많은  사람들이  정보를  공유합니다.

다른  사람과  어떤  것을  함께  가지고  나누는  것을   공유 라고  해요."
C,158,국어,"1. 다음에서 설명하는 것이 무엇인지 쓰세요.

다른  사람과  어떤  것을  함께  가지고  나누는  것"
C,159,국어,"2. 다음의 내용에서 공통적으로 알 수 있는 말에 ?표 하세요.

- 내가 쓴 글을 친구들과 함께 읽었습니다.

- 친구들과 이야기를 하며 생각을 나누었습니다.

공격             공유             공원"
C,160,국어,친구와 공유하고 싶은 이야기를 한 가지 말해 보세요.
C,161,국어,"다음을 보고, 무엇을 하고 있는지 말해 보세요.

-  우리  가족은  매일  저녁마다  텔레비전  뉴스를  봅니다.

-  뉴스를  보면  우리  주변의  새로운  소식을  보고  들을  수
있습니다.

-  우리가  날마다  접하는  뉴스에는  뉴스를  만드는  사람의
관점이  반영되어  있습니다.

뉴스 는  새  소식을  전해  주는  방송  프로그램이에요."
C,162,국어,"1. 다음을 보고 뉴스를 보거나 듣고 있는 사람이 아닌 것을 고르세요.   (        )

①                                 ②                                 ③"
C,163,국어,"2. 다음 빈칸에 알맞은 말을 쓰세요.


1)  우리  주변의  소식을  알려면  텔레비전

들어요.

2)  태풍  때문에  전국적으로  피해가  크다는  소식을

를  보거나  라디오               를

를  통해  알았어요.

3)                   를  보면  세상이  어떻게  돌아가는지  알  수  있어요.  또한  그것을  만든

사람이  어떤  의도로  전달하고  있는지도  알  수  있어요."
C,164,국어,텔레비전 뉴스를 본 경험을 말해 보세요. 어떤 내용의 텔레비전 뉴스를 봤나요?
C,165,국어,"다음을 보고 무엇을 하고 있는지 말해 보세요.

-  시는  연과  행으로  이루어져  있습니다.

-  시에서  반복되는  말을  생각하며  시를  낭송해  봅시다.

-  시를 읽으면서  떠오르는 장면이나 느낌을  친구들과 이야기하면,  내가 몰랐던 다양한  생각을
알  수  있습니다.

-  시에는  한  대상을  다른  대상에  빗대어  표현하는  비유적  표현이  있습니다.

시 는  글쓴이의  생각이나  감정을  함축적인  언어로  표현한  글이에요.
‘함축적’은  말이나  글  속에  어떤  뜻을  담고  있다는  뜻이에요."
C,166,국어,"물새는
물새라서  바닷가

모래밭에
알을  낳는다.

보얗게  하얀  물새알.

…
물새알은

간간하고  짭조름한
미역  냄새.
바람  냄새.

1. 다음을 읽고, 알맞은 말에 ○표 하세요.

1)  이  시는  (   연과  행  /   문장과  문단  )으로  이루어져
있습니다.

2)  이  시에는  반복되는  말이  (  있습니다  /  없습니다  ).

3)  이  시를  읽으면  (  숲  속  나무가  /  바닷가  모래밭이  )

떠오릅니다.

4)  이  시는  (  하얀색  /  빨간색  ),  (  단  맛  /  짠  맛  )과
잘  어울립니다."
C,167,국어,"‘어휘 연습’  1번의 시에서 반복되는 부분이 어디인지 말해
보세요."
C,168,국어,"다음을 보고 무엇을 읽고 있는지 말해 보세요.

-  동화는  어린이를  대상으로  지은  이야기입니다.

-  동화에는  여러  인물이  나와서,  각  인물이  겪고  있는  갈등을  이해하는  것이  중요합니다.

-  동화를  읽으면서  어떤  일이  일어나고  있는지  사건을  파악해야  합니다.

어린이를  대상으로  하는  동화 는  글쓴이가  있음직한  이야기를

상상하여  글로  쓴  문학  작품이에요."
C,169,국어,"1. 다음에서 어느 것이 동화인지 고르세요.


㉠
물새는

물새라서  바닷가  모래밭에
알을  낳는다.

보얗게  하얀  물새알.

㉡

왕자는  몸이  아픈  아이가  너무  불쌍해서
눈물을   흘렸습니다.    그래서   그   아이를
도와주기로  했습니다.  아이에게  귀한  구슬을
선물하기로  한  것입니다."
C,170,국어,"2. 다음을 읽고 알맞은 말에 ○표 하세요.

1)  동화는  (  진짜  있었던  /  있을  법한  )  이야기입니다.

2)  동화에는  (  인물,  사건,  배경  /  해설,  대사,  지문  )이  있습니다."
C,171,국어,동화를 읽을 때에는 세 가지를 파악해야 해요. 그 세 가지는 무엇인지 말해 보세요.
C,172,국어,"다음을 보고 무슨 장면인지 말해 보세요.

왕자님

왜  울고  있어요?

제비야  나는
행복한  왕자야.

-  희곡이  있어야  배우들이  무대에서  연극을  할  수  있습니다.

-  희곡을  보면  인물이  하는  말과  행동을  알  수  있습니다.

-  희곡은  이야기가  해설,  대사,  지문으로  되어  있습니다.  해설을  통하여  시간적  배경과
공간적  배경을  알  수  있습니다.  대사는  인물이  직접  하는  말이고,  지문은  괄호  안에  써서
인물의  행동이나  표정을  나타내는  부분입니다.

희곡 은  연극을  하기  위하여  대사를  중심으로  하여  쓴  문학  작품이에요."
C,173,국어,"1. 다음은 보고 알맞은 말에 ○표 하세요.

1)  연극을  위해  쓴  글은  (  동화  /  희곡  )입니다.

2)  해설,  대사,  지문이  있는  것은  (  동화  /  희곡  )입니다."
C,174,국어,"2. 다음을 보고 서로 어울리는 것을 연결하세요.

1)      해설      ?                            ?    ㉠ 인물이 직접 하는 말

2)      대사      ?                            ?    ㉡ 인물의 행동이나 표정을 나타내는 부분

3)      지문      ?                            ?    ㉢ 때, 곳, 나오는 인물, 무대를 설명하는 
부분"
C,175,국어,"희곡을 연극으로 공연한다면, 배우들은 해설, 대사, 지문 가운데에서 어느 부분을
소리 내어 읽어야 할까요?"
C,176,국어,"다음 인물들은 서로 무슨 생각을 하고 있는지 말해 보세요.

갈등 은  서로  생각이  달라서  부딪히거나,  마음속에서  어떻게  할지  몰라  괴로워하는  거예요.

이야기에는  서로  다른  인물  사이의  갈등이나  인물  혼자  하는  갈등이  드러나  있어요."
C,177,국어,"1. 다음을 읽고 빈칸에 알맞은 말을 쓰세요.

이야기 속 인물들은 어떤 결정을 하기 전에 어떻게 해야 할지 몰라 마음속에 많은

㉠               을  겪습니다.  그리고  서로  생각이  다른  인물들  사이에   ㉡               이

생기기도  합니다.  이야기의  흐름을  알고  싶다면  인물들에게    ㉢                 이  왜
생기고 어떻게 해결되었는지 알아야 합니다."
C,178,국어,"2. 다음에서 갈등?? 나타난 부분을 찾아 ○표 하세요.


㉠ 산속에 눈보라가 몰아칩니다.
나그네와 남자는 길을

→

잃었습니다.

㉡ 그때 눈 속에 쓰러져 있는
노인을 보았습니다. 노인은

→

정신을 차리지 못하고

있었습니다.

㉢ 나그네는 노인을 도와주자고
했고, 남자는 혼자 가겠다고
했습니다."
C,179,국어,"여러분이라면 노인을 도와 함께 산을 내려갈 건가요? 아니면 혼자 산을 내려갈
건가요? 그 이유도 함께 적어봅시다."
C,180,국어,"다음을 읽고, 설명 방법에는 무엇이 있는지 이야기해 보세요.

-  어떤  대상을  설명하는  발표를  할  때에는  내용을  쉽게  알  수  있는  설명  방법을  사용하여야
합니다.


대상을

설명 하는

방법 에는  분석,  분류,  비교와  대조  등이  있어요.

-  자동차의  구조를  설명하려고  할  때는  분석의  방법으로  설명합니다.

-  자동차의  종류를  설명할  때는  분류의  설명  방법을  선택합니다.

-  자동차와  자전거의  공통점과 차이점을  말하고  싶다면 비교와  대조의  방법으로 설명합니다.

분석 은  전체를  여러  부분이나  요소로  나누어  설명하는  방법이에요.

분류 는  일정한  기준에  따라  같은  것끼리  묶어서  설명하는  방법이에요.

비교 와    대조 는  두  대상의  비슷한  점이나  다른  점을  견주어  설명하는  방법이에요."
C,181,국어,"1. 다음을 보고 알맞은 것을 연결해 보세요.

㉠ 두 대상을 견주어서

① 곤충은 머리, 가슴, 배의


1)     분석

2)     분류
비교와

3)     대조

?        ?             비슷한 점이나 다른

점을 설명합니다.

?        ?      ㉡ 전체를 부분으로

나누어 설명합니다.

㉢ 어느 기준에 따라

?        ?             나누거나 묶어서
설명합니다.

?        ?            세 부분으로 이루어져

있습니다.

② 개와 고양이는 사람과 친한

?        ?            동물입니다. 개는 주로 낮에

활동하지만, 고양이는 주로
밤에 활동합니다.

?        ?     ③ 문학은 시, 소설, 희곡,

수필로 나뉩니다."
C,182,국어,자전거와 오토바이를 비교와 대조의 방법으로 설명해 보세요.
C,183,국어,"사람들이 무엇을 하고 있나요?

-  사람들이  발표를  듣고  있습니다.

-  발표회장에는  사회자,  발표자,  청중이  함께  있습니다.

모임이나  식에서  진행을  맡아보는  사람을   사회자 라고  합니다.

사람들  앞에서  어떤  내용에  대해  말하는  사람을   발표자 라고  합니다.

발표나  음악  등을  듣기  위하여  모인  사람들을   청중 이라고  합니다."
C,184,국어,"1. 알맞은 것끼리 이어 보세요.


1)       사회자

?               ?   ㉠ 발표를 듣기 위해 모인 사람들


2)       발표자

?               ?   ㉡ 진행을 맡아보는 사람


3)         청중

?               ?   ㉢ 어떤 내용에 대해 말하는 사람"
C,185,국어,"위 그림에서 사회자, 발표자, 청중을 찾아보세요."
C,186,국어,"다음을 보고 ‘식은 죽 먹기’라는 말의 뜻이 무엇인지 이야기해 보세요.

-  ‘식은 죽 먹기’는 옛날부터 사람들 사이에서 전해져 오는 교훈이 담긴 짧은 말로 ‘매우 쉬운
일’을  말할  때  사용하는  속담입니다.

-  ‘비행기  태운다’는  관용어는  ‘남을  지나치게  칭찬한다’는  뜻입니다.  오랫동안  습관적으로
자주  쓰이면서  요즘에도  자주  사용하는  말입니다.

-  관용어와  속담은  요즘에도  사람들이  자주  사용하는  관용  표현입니다.


관용 표현 은  원래의  뜻과는  다르게  새로운  뜻으로  굳어져

자주  쓰는  표현이에요.  관용어와  속담이  있어요."
C,187,국어,"다음을 보고 ‘식은 죽 먹기’라는 말의 뜻?? 무엇인지 ??야기해 보세요.

-  ‘식은 죽 먹기’는 옛날부터 사람들 사이에서 전해져 오는 교훈이 담긴 짧은 말로 ‘매우 쉬운
일’을  말할  때  사용하는  속담입니다.

-  ‘비행기  태운다’는  관용어는  ‘남을  지나치게  칭찬한다’는  뜻입니다.  오랫동안  습관적으로
자주  쓰이면서  요즘에도  자주  사용하는  말입니다.

-  관용어와  속담은  요즘에도  사람들이  자주  사용하는  관용  표현입니다.


관  용    표

현 은  원래의  뜻과는  다르게  새로운  뜻으로  굳어져

자주  쓰는  표현이에요.  관용어와  속담이  있어요."
C,188,국어,"2. 다음에 나온 관용 표현의 뜻을 찾아 연결해 보세요.

1)    발이 넓다.                          ?                      ?    ㉠ 사귀어 아는 
사람이 많다.

2)    발 벗고 나서다.                   ?                      ?    ㉡ 쉬운 일이라도 서로 
도우면 쉽다.

3)    백지장도 맞들면 낫다.          ?                      ?    ㉢ 원인이 없으면 결과가 있을 수 
없다.

4)    아니 땐 굴뚝에 연기 날까.    ?                      ?    ㉣ 어떤 일에 적극적으로 열심히 나서다."
C,189,국어,"‘우리 엄마는 손이 커서 음식을 많이 만들어요.’에서 관용 표현에 ○ 표해 보세요.

그리고 무슨 뜻인지 적어 보세요."
C,190,국어,"다음을 보고 무엇을 하고 있는지 말해 보세요.

-  연설문은  여러  사람  앞에서  자기의  생각이나
주장을  발표하기  위한  글입니다.

-  수업 시간에 발표하기  위해서 연설문을 쓰고  미리
연습했습니다.

-  연설문은 듣는이를 설득하기 위하여 자신의 주장을
뒷받침하는  적절한  근거를  제시해야  합니다.


연설문

은  연설할  내용을  적은  글이에요.

‘연설’은  여러  사람  앞에서  자신의  생각이나  주장을  발표하는  거예요."
C,191,국어,"1. 다음을 보고 빈칸에 알맞은 말을 쓰세요.

연설은  우리  주변에서  많이  들을  수  있어요.  월요일마다  교장  선생님께서  하시는
훈화  말씀도  연설이고,  우리  이모  결혼식에서  주례  선생님이  하신  말씀도  연설입

니다.  이렇게  여러  사람한테  연설을  하려면  무슨  말을  할지  미리                  을
써야 합니다."
C,192,국어,"2. 다음에서 연설문을 모두 찾아 ○ 표 하세요.


① 여러분,  요즘 날씨가 추워
져서 감기에 걸린 친구들이
많습니다. 공기가 차가우니
교실 문을 꼭 닫고 다닙시다.

② 여러분,    판소리를   들어
보셨어요? 서양에 오페라가
있다면 우리에게는 판소리가
있습니다. 판소리는 소리꾼이
노래와 말, 몸짓으로 공연
합니다.

③ 제가 학생회 회장이 된다면,
급식에 여러분이 좋아하는
반찬을  꼭  넣도록  하겠습
니다."
C,193,국어,우리 주변에서 들을 수 있는 연설에는 무엇이 있을까요? 그 연설문의 내용은 어떠한가요?
C,194,국어,"다음을 보고 친구들?? 무엇을 하고 있는지 말해 보세요.

-  주장이  올바른지  따져  보는  것이  주장의  타당성을  판단하는  것입니다.

-  주장의  타당성을  판단하려면  주장이  중요한  내용인지,  실천할  수  있는  것인지,  근거가
적절한지  하나씩  생각해  봐야  합니다.

-  주장의  타당성을  판단하면  연설하는  사람이  하는  주장이  올바른지  따져  볼  수  있습니다.

연설을  들을  때에는  주장이  옳은지  옳지  않은지

주장의    타당성 을  생각해  봐야  해요."
C,195,국어,"1. 다음을 읽고 빈칸에 알맞은 말을 쓰세요.

을  따진다는  것은  올바른  성질인지  아닌지를  따진다는  말입니다.  연설

하는 사람이 올바른 주장을 하고 있는지 주장의                 을 판단해야 합니다."
C,196,국어,"2. 다음은 주장의 타당성을 판단하는 방법입니다. 맞는 것에 ○표 하세요.

1)  먼저  말하는 사람의  주장이  가치  있고  (  중요한  /  재미있는  )  주장인지  생각합니다.

2)  그리고  (  보고  들을  수  있는  /  실천할   수  있는  )  주장인지  판단합니다.

3)  마지막으로  주장에  대한  (  근거가  적절한지  /  목소리  크기가  큰지  )  따져  봅니다."
C,197,국어,"‘학교에 스마트폰을 가져오지 말아야 합니다. 왜냐하면 공부를 하는 데에 도움이 되지
않기 때문입니다.’라는 주장의 타당성을 판단해 보세요."
C,198,국어,"다음은 무엇인지 말해 보세요.

-  어느  초등학교의  마지막  졸업식에  대한  기사문을  읽고  눈물이  났습니다.

-  학교  신문에서  다양한  내용의  기사문을  읽을  수  있습니다.

-  기사문에  사진,  그림,  도표  등을  넣으면  내용을  좀  더  쉽고  생생하게  다른  사람들에게
전달할  수  있습니다.


기사문

은  보고  들은  사실이나  정보를  전하는  글이에요."
C,199,국어,"1. 다음을 읽고 맞는 것에 ○ 표, 틀린 것에 × 표 하세요.

1)  기사문은  책을  읽고  생각이나  느낌을  쓴  글입니다.  (            )

2)  신문을  보면  기사문을  읽을  수  있습니다.  (            )

3)  기사문에는  상상한  내용을  써야  합니다.  (            )

4)  기사문은  보고  들은  것을  다른  사람에게  전하기  위해  쓴  글입니다.  (            )"
C,200,국어,"2. 다음을 보고, 기사문을 어디에서 읽을 수 있는지 ○표 하세요.


①  신문

②  사전

③  인터넷"
C,201,국어,"오늘 하루 있었던 일 중에서 중요한 사건 하나를 기사문으로 쓴다면 어떻게 쓸지 말해
보세요."
C,202,국어,"다음을 보고 친구들이 무슨 이야기를 하는지 말해 보세요.

-  기사문은  육하원칙에  따라  써야  합니다.

-  육하원칙에  따라  글을  쓰면  일어난  일을  자세히  쓸  수  있습니다.

-  기사문을  쓸  때  육하원칙을  지키지  않으면  기사문이  갖추어야  할  조건을  생각하지  않은
것입니다.


육하원칙 은  기사문을  쓸  때  지켜야  하는

‘누가,  언제,  어디에서,  무엇을,  어떻게  왜’의  여섯  가지  원칙이에요."
C,203,국어,"1. 다음 빈칸에 육하원칙을 쓰세요.

누가        ?? ㉠                ?? ㉡                ?? ㉢             
   ?? ㉣                ?? ㉤"
C,204,국어,"2. 다음을 보고 서로 어울리는 것을 연결하세요.

1)   누가              ?                                              ?    ㉠ 
학교 앞 골목에서

2)   언제              ?                                              ?    ㉡ 
가슴에 안고 집으로 데려왔어요.

3)   어디에서        ?                                              ?    ㉢ 우리 반 
친구 민수가

4)   무엇을           ?                                              ?    ㉣ 길을 
잃은 강아지를

5)   어떻게           ?                                              ?    ? 
불쌍해 보여서 보살펴 주려고요.

6)   왜                 ?                                              ?    
㉥ 어제 오후 한 시쯤"
C,205,국어,여러분은 지금 무엇을 하고 있는지 육하원칙에 따라 말해 보세요.
C,206,국어,"다음 그림을 보고, 어떤 내용인지 말해 보세요.


유민이는  사과를
좋아합니다.

승규는  수박을
좋아합니다.

-  유민이는  사과를  좋아합니다.  그리고  승규는
수박을  좋아합니다.

-  유민이는  사과를  좋아하고  승규는  수박을
좋아합니다.


지수는  국어를
잘합니다.

지수는  수학을
잘  못합니다.

-  지수는  국어를  잘합니다.  그러나  수학은
못합니다.

-  지수는  국어를  잘하나  수학은  잘  못합니다.

-  늦잠을  잤습니다.  그래서  지각을  했습니다.

-  늦잠을  자서  지각을  했습니다.

늦잠을  잤습니다.          지각을  했습니다.


이어 주는 말 은  문장의  내용을  이어  주는  말이에요.

‘그리고,  그러나,  그래서’와  같은  낱말,

다른  낱말에  붙는  ‘-고,  -(으)나,  -어서’  등이  있어요."
C,207,국어,"1. 다음을 보고 서로 어울리는 것을 연결하세요.


1)   그리고

?                                     ?    ㉠ 두 문장의 내용이 원인과 결과일 때 사용해요.


2)   그러나

?                                     ?    ㉡ 두 문장의 내용이 서로 반대될 때 사용해요.


3)   그래서

?                                     ?    ㉢ 두 문장의 내용이 서로 비슷할 때 사용해요."
C,208,국어,"2. 다음 문장의 내용을 생각하면서 빈칸에 알맞은 말을 쓰세요.

1)  유민이는  사과를  좋아합니다.                        승규는  수박을  좋아합니다.

2)  지수는  국어를  잘합니다.                        수학은  못합니다.

3)  늦잠을  잤습니다.                        지각을  했습니다."
C,209,국어,"3. 다음 문장의 내용을 생각하면서 빈칸에 알맞은 말을 쓰세요.

1)  늦잠을  자               지각을  했습니다.

2)  지수는  국어를  잘하               수학은  못합니다.

3)  유민이는  사과를  좋아하               승규는  수박을  좋아합니다."
C,210,국어,"4. 다음 문장의 내용을 생각하며 빈칸에 알맞은 말을 <보기>에서 찾아 쓰세요.

1)  이  가방은  참  예뻐요.                     너무  비싸서  살  수가  없어요.

<보기>              그리고                           그러나                      그래서

2)  운동화가  너무                 신을  수  없어요.

<보기>              작고                           작으나                         작아서"
C,211,국어,여러분이 지금 무엇을 하고 있는지 이어 주는 말을 사용하여 말해 보세요.
C,212,국어,"다음을 보고 무엇을 하고 있는지 말해 보세요.

-  기자들은  사람들에게  알리고자  하는  내용을  취재합니다.

-  기자는  텔레비전이나  신문을  통해  뉴스를  보도합니다.

-  텔레비전에서  기자가  취재한  뉴스를  보도하고  있습니다.

-  요즘  학교  주변의  군것질  실태로  취재  계획을  세워서  보도를  하려고  합니다.

취재 는  뉴스를  전하기  위해  필요한  자료를  조사하여  얻는  것을  말해요.

보도 는  신문이나  방송을  통해  여러  사람에게  새로운  소식을  알리는  것을  말해요."
C,213,국어,"1. 다음은 지효가 동네 맛집을 소개하는 뉴스를 만든 과정입니다. ‘취재’와 ‘보도’

중에서 빈칸에 알맞은 말을 쓰세요.


어떤 내용을   ㉠            할지 회의를

해요. 동네 맛집으로 학교 앞
떡볶이집을 소개하기로 했습니다.

㉢            한 내용을 효과적으로

??

알리기 위해 기사를 쓰고 영상을

만들었습니다.

알리고자 하는 내용을

㉡            해요. 떡볶이집

??                                                                              
??

주인아저씨께 맛있는 떡볶이를 만드는
비결을 물어봤습니다.

친구들에게 동네 맛집에 대해

??                  전하려고 하는 내용을

㉣            했습니다."
C,214,국어,여러분이 취재하고 싶은 것이 있다면 무엇인지 말해 보세요.
C,215,국어,"다음을 보고 무엇을 하고 있는지 말해 보세요.

-  오늘  본  연극은  정말  감동적이었습니다.

-  연극  공연장에  관객이  매우  많았습니다.

-  연극에서  배우가  하는  말이나  장면의  설명을  적어  놓은  글이  대본입니다.

연극 은  대본에  따라  배우가  무대  위에서  공연을  하는  거예요."
C,216,국어,"1. 다음을 보고 서로 어울리는 것을 연결하세요.

1)                                                                           2)

?   ㉠  연극    ?

?                                                  ?

?   ㉡  희곡    ?"
C,217,국어,"2. 다음 빈칸에 알맞은 말을 쓰세요.

1)  희곡은               의  대본입니다.

2)                   을  하는  배우를  연극배우라고  합니다.

3)                   을  보러  가면  무대  위에는  배우가  있고,  무대  앞에는  관객들이
앉아  있습니다.

어휘 정리

연극을 할 때 꼭 필요한 것은 무엇일지 모두 말해 보세요."
